[{"model": "admin.logentry", "pk": 1, "fields": {"action_time": "2024-01-23T20:34:19.388Z", "user": 1, "content_type": 7, "object_id": "1", "object_repr": "FromSoftware", "action_flag": 1, "change_message": "[{\"added\": {}}]"}}, {"model": "admin.logentry", "pk": 2, "fields": {"action_time": "2024-01-23T20:34:42.637Z", "user": 1, "content_type": 13, "object_id": "1", "object_repr": "Bandai Namco Entertainment", "action_flag": 1, "change_message": "[{\"added\": {}}]"}}, {"model": "admin.logentry", "pk": 3, "fields": {"action_time": "2024-01-23T20:34:56.791Z", "user": 1, "content_type": 11, "object_id": "1", "object_repr": "Soulslike", "action_flag": 1, "change_message": "[{\"added\": {}}]"}}, {"model": "admin.logentry", "pk": 4, "fields": {"action_time": "2024-01-23T20:35:01.277Z", "user": 1, "content_type": 11, "object_id": "2", "object_repr": "RPG", "action_flag": 1, "change_message": "[{\"added\": {}}]"}}, {"model": "admin.logentry", "pk": 5, "fields": {"action_time": "2024-01-23T20:35:04.883Z", "user": 1, "content_type": 11, "object_id": "3", "object_repr": "Action", "action_flag": 1, "change_message": "[{\"added\": {}}]"}}, {"model": "admin.logentry", "pk": 6, "fields": {"action_time": "2024-01-23T20:35:08.801Z", "user": 1, "content_type": 12, "object_id": "1", "object_repr": "PC", "action_flag": 1, "change_message": "[{\"added\": {}}]"}}, {"model": "admin.logentry", "pk": 7, "fields": {"action_time": "2024-01-23T20:35:26.227Z", "user": 1, "content_type": 12, "object_id": "2", "object_repr": "XBOX 360", "action_flag": 1, "change_message": "[{\"added\": {}}]"}}, {"model": "admin.logentry", "pk": 8, "fields": {"action_time": "2024-01-23T20:35:32.042Z", "user": 1, "content_type": 12, "object_id": "3", "object_repr": "Playstation 3", "action_flag": 1, "change_message": "[{\"added\": {}}]"}}, {"model": "admin.logentry", "pk": 9, "fields": {"action_time": "2024-01-23T20:36:08.744Z", "user": 1, "content_type": 8, "object_id": "1", "object_repr": "Dark Souls Prepare to die edition", "action_flag": 1, "change_message": "[{\"added\": {}}]"}}, {"model": "admin.logentry", "pk": 10, "fields": {"action_time": "2024-03-05T19:18:43.269Z", "user": 1, "content_type": 6, "object_id": "1", "object_repr": "admin - admin@admin.com", "action_flag": 2, "change_message": "[{\"changed\": {\"fields\": [\"Avatar\"]}}]"}}, {"model": "admin.logentry", "pk": 11, "fields": {"action_time": "2024-03-06T07:18:23.300Z", "user": 1, "content_type": 14, "object_id": "1", "object_repr": "test - Dark Souls Prepare to die edition", "action_flag": 1, "change_message": "[{\"added\": {}}]"}}, {"model": "admin.logentry", "pk": 12, "fields": {"action_time": "2024-03-06T07:25:22.120Z", "user": 1, "content_type": 14, "object_id": "2", "object_repr": "test2 - Dark Souls Prepare to die edition", "action_flag": 1, "change_message": "[{\"added\": {}}]"}}, {"model": "admin.logentry", "pk": 13, "fields": {"action_time": "2024-03-06T07:49:08.147Z", "user": 1, "content_type": 14, "object_id": "3", "object_repr": "admin - Dark Souls Prepare to die edition", "action_flag": 1, "change_message": "[{\"added\": {}}]"}}, {"model": "admin.logentry", "pk": 14, "fields": {"action_time": "2024-04-03T11:04:09.736Z", "user": 1, "content_type": 6, "object_id": "1", "object_repr": "admin - admin@admin.com", "action_flag": 2, "change_message": "[{\"changed\": {\"fields\": [\"Gender\"]}}]"}}, {"model": "admin.logentry", "pk": 15, "fields": {"action_time": "2024-04-03T13:39:25.329Z", "user": 1, "content_type": 10, "object_id": "1", "object_repr": "admin - Dark Souls Prepare to die edition", "action_flag": 1, "change_message": "[{\"added\": {}}]"}}, {"model": "admin.logentry", "pk": 16, "fields": {"action_time": "2024-04-03T13:40:09.422Z", "user": 1, "content_type": 8, "object_id": "2", "object_repr": "Test Game", "action_flag": 1, "change_message": "[{\"added\": {}}]"}}, {"model": "admin.logentry", "pk": 17, "fields": {"action_time": "2024-04-03T13:40:21.199Z", "user": 1, "content_type": 10, "object_id": "2", "object_repr": "admin - Test Game", "action_flag": 1, "change_message": "[{\"added\": {}}]"}}, {"model": "admin.logentry", "pk": 18, "fields": {"action_time": "2024-04-03T13:40:31.781Z", "user": 1, "content_type": 10, "object_id": "3", "object_repr": "test - Dark Souls Prepare to die edition", "action_flag": 1, "change_message": "[{\"added\": {}}]"}}, {"model": "admin.logentry", "pk": 19, "fields": {"action_time": "2024-04-03T14:00:37.573Z", "user": 1, "content_type": 10, "object_id": "1", "object_repr": "admin - Dark Souls Prepare to die edition", "action_flag": 2, "change_message": "[{\"changed\": {\"fields\": [\"Score\"]}}]"}}, {"model": "admin.logentry", "pk": 20, "fields": {"action_time": "2024-04-03T14:00:45.909Z", "user": 1, "content_type": 10, "object_id": "2", "object_repr": "admin - Test Game", "action_flag": 2, "change_message": "[{\"changed\": {\"fields\": [\"Score\"]}}]"}}, {"model": "admin.logentry", "pk": 21, "fields": {"action_time": "2024-04-03T14:06:03.562Z", "user": 1, "content_type": 8, "object_id": "3", "object_repr": "Test 123213", "action_flag": 1, "change_message": "[{\"added\": {}}]"}}, {"model": "admin.logentry", "pk": 22, "fields": {"action_time": "2024-04-03T14:08:16.926Z", "user": 1, "content_type": 10, "object_id": "4", "object_repr": "admin - Test 123213", "action_flag": 1, "change_message": "[{\"added\": {}}]"}}, {"model": "admin.logentry", "pk": 23, "fields": {"action_time": "2024-04-03T14:13:51.168Z", "user": 1, "content_type": 10, "object_id": "4", "object_repr": "admin - Test 123213", "action_flag": 2, "change_message": "[{\"changed\": {\"fields\": [\"Score\"]}}]"}}, {"model": "admin.logentry", "pk": 24, "fields": {"action_time": "2024-04-03T14:28:27.459Z", "user": 1, "content_type": 15, "object_id": "1", "object_repr": "User: admin, Friend: test", "action_flag": 1, "change_message": "[{\"added\": {}}]"}}, {"model": "admin.logentry", "pk": 25, "fields": {"action_time": "2024-04-03T14:28:37.509Z", "user": 1, "content_type": 15, "object_id": "2", "object_repr": "User: admin, Friend: test2", "action_flag": 1, "change_message": "[{\"added\": {}}]"}}, {"model": "admin.logentry", "pk": 26, "fields": {"action_time": "2024-04-03T14:28:43.900Z", "user": 1, "content_type": 15, "object_id": "3", "object_repr": "User: admin, Friend: test123", "action_flag": 1, "change_message": "[{\"added\": {}}]"}}, {"model": "admin.logentry", "pk": 27, "fields": {"action_time": "2024-04-03T14:36:23.320Z", "user": 1, "content_type": 6, "object_id": "3", "object_repr": "test2 - test111@test.com", "action_flag": 2, "change_message": "[{\"changed\": {\"fields\": [\"Avatar\"]}}]"}}, {"model": "admin.logentry", "pk": 28, "fields": {"action_time": "2024-05-09T08:18:50.564Z", "user": 1, "content_type": 8, "object_id": "1", "object_repr": "Dark Souls Prepare to die edition", "action_flag": 2, "change_message": "[{\"changed\": {\"fields\": [\"Cover image\"]}}]"}}, {"model": "admin.logentry", "pk": 29, "fields": {"action_time": "2024-05-09T08:19:55.821Z", "user": 1, "content_type": 8, "object_id": "1", "object_repr": "Dark Souls Prepare to die edition", "action_flag": 2, "change_message": "[{\"changed\": {\"fields\": [\"Cover image\"]}}]"}}, {"model": "admin.logentry", "pk": 30, "fields": {"action_time": "2024-05-09T08:20:05.954Z", "user": 1, "content_type": 8, "object_id": "1", "object_repr": "Dark Souls Prepare to die edition", "action_flag": 2, "change_message": "[{\"changed\": {\"fields\": [\"Cover image\"]}}]"}}, {"model": "admin.logentry", "pk": 31, "fields": {"action_time": "2024-05-09T08:20:30.564Z", "user": 1, "content_type": 8, "object_id": "2", "object_repr": "Test Game", "action_flag": 2, "change_message": "[{\"changed\": {\"fields\": [\"Cover image\"]}}]"}}, {"model": "admin.logentry", "pk": 32, "fields": {"action_time": "2024-05-09T08:20:37.105Z", "user": 1, "content_type": 8, "object_id": "3", "object_repr": "Test 123213", "action_flag": 2, "change_message": "[{\"changed\": {\"fields\": [\"Cover image\"]}}]"}}, {"model": "admin.logentry", "pk": 33, "fields": {"action_time": "2024-05-09T08:49:42.458Z", "user": 1, "content_type": 6, "object_id": "1", "object_repr": "admin - admin@admin.com", "action_flag": 2, "change_message": "[{\"changed\": {\"fields\": [\"Avatar\"]}}]"}}, {"model": "admin.logentry", "pk": 34, "fields": {"action_time": "2024-05-09T08:49:52.196Z", "user": 1, "content_type": 6, "object_id": "2", "object_repr": "test - zaq@test.com", "action_flag": 2, "change_message": "[{\"changed\": {\"fields\": [\"Avatar\"]}}]"}}, {"model": "admin.logentry", "pk": 35, "fields": {"action_time": "2024-05-09T08:50:08.432Z", "user": 1, "content_type": 6, "object_id": "3", "object_repr": "test2 - test111@test.com", "action_flag": 2, "change_message": "[{\"changed\": {\"fields\": [\"Avatar\"]}}]"}}, {"model": "admin.logentry", "pk": 36, "fields": {"action_time": "2024-05-09T08:51:57.379Z", "user": 1, "content_type": 6, "object_id": "4", "object_repr": "test123 - zaq2@test.com", "action_flag": 2, "change_message": "[{\"changed\": {\"fields\": [\"Avatar\"]}}]"}}, {"model": "admin.logentry", "pk": 37, "fields": {"action_time": "2024-05-09T08:53:28.824Z", "user": 1, "content_type": 6, "object_id": "4", "object_repr": "test123 - zaq2@test.com", "action_flag": 2, "change_message": "[{\"changed\": {\"fields\": [\"Avatar\"]}}]"}}, {"model": "admin.logentry", "pk": 38, "fields": {"action_time": "2024-05-10T08:59:02.878Z", "user": 1, "content_type": 7, "object_id": "2", "object_repr": "Capcom", "action_flag": 1, "change_message": "[{\"added\": {}}]"}}, {"model": "admin.logentry", "pk": 39, "fields": {"action_time": "2024-05-10T08:59:24.137Z", "user": 1, "content_type": 13, "object_id": "2", "object_repr": "Capcom", "action_flag": 1, "change_message": "[{\"added\": {}}]"}}, {"model": "admin.logentry", "pk": 40, "fields": {"action_time": "2024-05-10T09:06:19.210Z", "user": 1, "content_type": 11, "object_id": "4", "object_repr": "Open world", "action_flag": 1, "change_message": "[{\"added\": {}}]"}}, {"model": "admin.logentry", "pk": 41, "fields": {"action_time": "2024-05-10T09:06:24.771Z", "user": 1, "content_type": 11, "object_id": "5", "object_repr": "Fantasy", "action_flag": 1, "change_message": "[{\"added\": {}}]"}}, {"model": "admin.logentry", "pk": 42, "fields": {"action_time": "2024-05-10T09:06:59.303Z", "user": 1, "content_type": 12, "object_id": "4", "object_repr": "PlayStation 5", "action_flag": 1, "change_message": "[{\"added\": {}}]"}}, {"model": "admin.logentry", "pk": 43, "fields": {"action_time": "2024-05-10T09:07:16.258Z", "user": 1, "content_type": 12, "object_id": "5", "object_repr": "Xbox Series X", "action_flag": 1, "change_message": "[{\"added\": {}}]"}}, {"model": "admin.logentry", "pk": 44, "fields": {"action_time": "2024-05-10T09:07:54.654Z", "user": 1, "content_type": 11, "object_id": "6", "object_repr": "Single player", "action_flag": 1, "change_message": "[{\"added\": {}}]"}}, {"model": "admin.logentry", "pk": 45, "fields": {"action_time": "2024-05-10T09:13:20.573Z", "user": 1, "content_type": 11, "object_id": "7", "object_repr": "Third person", "action_flag": 1, "change_message": "[{\"added\": {}}]"}}, {"model": "admin.logentry", "pk": 46, "fields": {"action_time": "2024-05-10T09:14:08.080Z", "user": 1, "content_type": 8, "object_id": "4", "object_repr": "Dragon's Dogma 2", "action_flag": 1, "change_message": "[{\"added\": {}}]"}}, {"model": "admin.logentry", "pk": 47, "fields": {"action_time": "2024-05-10T09:23:54.214Z", "user": 1, "content_type": 7, "object_id": "3", "object_repr": "Gearbox Software", "action_flag": 1, "change_message": "[{\"added\": {}}]"}}, {"model": "admin.logentry", "pk": 48, "fields": {"action_time": "2024-05-10T09:24:02.366Z", "user": 1, "content_type": 13, "object_id": "3", "object_repr": "2K", "action_flag": 1, "change_message": "[{\"added\": {}}]"}}, {"model": "admin.logentry", "pk": 49, "fields": {"action_time": "2024-05-10T09:24:48.979Z", "user": 1, "content_type": 12, "object_id": "6", "object_repr": "Xbox One", "action_flag": 1, "change_message": "[{\"added\": {}}]"}}, {"model": "admin.logentry", "pk": 50, "fields": {"action_time": "2024-05-10T09:25:00.687Z", "user": 1, "content_type": 12, "object_id": "7", "object_repr": "PlayStation 4", "action_flag": 1, "change_message": "[{\"added\": {}}]"}}, {"model": "admin.logentry", "pk": 51, "fields": {"action_time": "2024-05-10T09:25:12.189Z", "user": 1, "content_type": 12, "object_id": "8", "object_repr": "Nintendo Switch", "action_flag": 1, "change_message": "[{\"added\": {}}]"}}, {"model": "admin.logentry", "pk": 52, "fields": {"action_time": "2024-05-10T09:26:15.211Z", "user": 1, "content_type": 11, "object_id": "8", "object_repr": "FPS", "action_flag": 1, "change_message": "[{\"added\": {}}]"}}, {"model": "admin.logentry", "pk": 53, "fields": {"action_time": "2024-05-10T09:26:32.859Z", "user": 1, "content_type": 11, "object_id": "9", "object_repr": "First Person", "action_flag": 1, "change_message": "[{\"added\": {}}]"}}, {"model": "admin.logentry", "pk": 54, "fields": {"action_time": "2024-05-10T09:26:35.620Z", "user": 1, "content_type": 8, "object_id": "5", "object_repr": "Borderlands 2", "action_flag": 1, "change_message": "[{\"added\": {}}]"}}, {"model": "admin.logentry", "pk": 55, "fields": {"action_time": "2024-05-10T09:27:56.079Z", "user": 1, "content_type": 13, "object_id": "4", "object_repr": "Microsoft Game Studios", "action_flag": 1, "change_message": "[{\"added\": {}}]"}}, {"model": "admin.logentry", "pk": 56, "fields": {"action_time": "2024-05-10T09:30:03.555Z", "user": 1, "content_type": 8, "object_id": "2", "object_repr": "Ninja Blade", "action_flag": 2, "change_message": "[{\"changed\": {\"fields\": [\"Title\", \"Release date\", \"Cover image\", \"Description\", \"Publisher\", \"Genres\"]}}]"}}, {"model": "admin.logentry", "pk": 57, "fields": {"action_time": "2024-05-10T09:31:58.944Z", "user": 1, "content_type": 8, "object_id": "3", "object_repr": "Elden Ring", "action_flag": 2, "change_message": "[{\"changed\": {\"fields\": [\"Title\", \"Release date\", \"Cover image\", \"Description\", \"Genres\", \"Platforms\"]}}]"}}, {"model": "admin.logentry", "pk": 58, "fields": {"action_time": "2024-05-10T09:34:47.715Z", "user": 1, "content_type": 13, "object_id": "5", "object_repr": "CD Projekt", "action_flag": 1, "change_message": "[{\"added\": {}}]"}}, {"model": "admin.logentry", "pk": 59, "fields": {"action_time": "2024-05-10T09:34:58.657Z", "user": 1, "content_type": 7, "object_id": "4", "object_repr": "CD Projekt Red", "action_flag": 1, "change_message": "[{\"added\": {}}]"}}, {"model": "admin.logentry", "pk": 60, "fields": {"action_time": "2024-05-10T09:35:47.465Z", "user": 1, "content_type": 8, "object_id": "6", "object_repr": "Cyberpunk 2077", "action_flag": 1, "change_message": "[{\"added\": {}}]"}}, {"model": "admin.logentry", "pk": 61, "fields": {"action_time": "2024-05-10T09:38:21.859Z", "user": 1, "content_type": 8, "object_id": "7", "object_repr": "The Witcher 3: Wild Hunt", "action_flag": 1, "change_message": "[{\"added\": {}}]"}}, {"model": "admin.logentry", "pk": 62, "fields": {"action_time": "2024-05-10T09:40:28.997Z", "user": 1, "content_type": 13, "object_id": "6", "object_repr": "Sony Interactive Entertainment", "action_flag": 1, "change_message": "[{\"added\": {}}]"}}, {"model": "admin.logentry", "pk": 63, "fields": {"action_time": "2024-05-10T09:40:43.856Z", "user": 1, "content_type": 7, "object_id": "5", "object_repr": "Shift Up", "action_flag": 1, "change_message": "[{\"added\": {}}]"}}, {"model": "admin.logentry", "pk": 64, "fields": {"action_time": "2024-05-10T09:41:09.450Z", "user": 1, "content_type": 8, "object_id": "8", "object_repr": "Stellar Blade", "action_flag": 1, "change_message": "[{\"added\": {}}]"}}, {"model": "admin.logentry", "pk": 65, "fields": {"action_time": "2024-05-10T09:44:02.726Z", "user": 1, "content_type": 13, "object_id": "7", "object_repr": "Supergiant Games", "action_flag": 1, "change_message": "[{\"added\": {}}]"}}, {"model": "admin.logentry", "pk": 66, "fields": {"action_time": "2024-05-10T09:44:06.109Z", "user": 1, "content_type": 7, "object_id": "6", "object_repr": "Supergiant Games", "action_flag": 1, "change_message": "[{\"added\": {}}]"}}, {"model": "admin.logentry", "pk": 67, "fields": {"action_time": "2024-05-10T09:44:20.735Z", "user": 1, "content_type": 11, "object_id": "10", "object_repr": "Roguelike", "action_flag": 1, "change_message": "[{\"added\": {}}]"}}, {"model": "admin.logentry", "pk": 68, "fields": {"action_time": "2024-05-10T09:44:44.223Z", "user": 1, "content_type": 8, "object_id": "9", "object_repr": "Hades", "action_flag": 1, "change_message": "[{\"added\": {}}]"}}, {"model": "admin.logentry", "pk": 69, "fields": {"action_time": "2024-05-10T09:46:18.631Z", "user": 1, "content_type": 13, "object_id": "8", "object_repr": "Ubisoft", "action_flag": 1, "change_message": "[{\"added\": {}}]"}}, {"model": "admin.logentry", "pk": 70, "fields": {"action_time": "2024-05-10T09:46:28.707Z", "user": 1, "content_type": 7, "object_id": "7", "object_repr": "Ubisoft Singapore", "action_flag": 1, "change_message": "[{\"added\": {}}]"}}, {"model": "admin.logentry", "pk": 71, "fields": {"action_time": "2024-05-10T09:46:49.334Z", "user": 1, "content_type": 8, "object_id": "10", "object_repr": "Skull and Bones", "action_flag": 1, "change_message": "[{\"added\": {}}]"}}, {"model": "admin.logentry", "pk": 72, "fields": {"action_time": "2024-05-10T09:47:54.776Z", "user": 1, "content_type": 13, "object_id": "9", "object_repr": "Private Division", "action_flag": 1, "change_message": "[{\"added\": {}}]"}}, {"model": "admin.logentry", "pk": 73, "fields": {"action_time": "2024-05-10T09:48:03.100Z", "user": 1, "content_type": 7, "object_id": "8", "object_repr": "Moon Studios", "action_flag": 1, "change_message": "[{\"added\": {}}]"}}, {"model": "admin.logentry", "pk": 74, "fields": {"action_time": "2024-05-10T09:48:22.726Z", "user": 1, "content_type": 8, "object_id": "11", "object_repr": "No Rest for the Wicked", "action_flag": 1, "change_message": "[{\"added\": {}}]"}}, {"model": "admin.logentry", "pk": 75, "fields": {"action_time": "2024-05-10T09:50:17.233Z", "user": 1, "content_type": 13, "object_id": "10", "object_repr": "Hooded Horse", "action_flag": 1, "change_message": "[{\"added\": {}}]"}}, {"model": "admin.logentry", "pk": 76, "fields": {"action_time": "2024-05-10T09:50:23.303Z", "user": 1, "content_type": 7, "object_id": "9", "object_repr": "Slavic Magic", "action_flag": 1, "change_message": "[{\"added\": {}}]"}}, {"model": "admin.logentry", "pk": 77, "fields": {"action_time": "2024-05-10T09:50:41.237Z", "user": 1, "content_type": 11, "object_id": "11", "object_repr": "RTS", "action_flag": 1, "change_message": "[{\"added\": {}}]"}}, {"model": "admin.logentry", "pk": 78, "fields": {"action_time": "2024-05-10T09:50:49.622Z", "user": 1, "content_type": 11, "object_id": "12", "object_repr": "City builder", "action_flag": 1, "change_message": "[{\"added\": {}}]"}}, {"model": "admin.logentry", "pk": 79, "fields": {"action_time": "2024-05-10T09:50:51.501Z", "user": 1, "content_type": 8, "object_id": "12", "object_repr": "Manor Lords", "action_flag": 1, "change_message": "[{\"added\": {}}]"}}, {"model": "admin.logentry", "pk": 80, "fields": {"action_time": "2024-05-10T09:51:51.614Z", "user": 1, "content_type": 7, "object_id": "10", "object_repr": "ILCA", "action_flag": 1, "change_message": "[{\"added\": {}}]"}}, {"model": "admin.logentry", "pk": 81, "fields": {"action_time": "2024-05-10T09:52:20.626Z", "user": 1, "content_type": 8, "object_id": "13", "object_repr": "Sand Land", "action_flag": 1, "change_message": "[{\"added\": {}}]"}}, {"model": "admin.logentry", "pk": 82, "fields": {"action_time": "2024-05-10T09:53:10.572Z", "user": 1, "content_type": 13, "object_id": "11", "object_repr": "11 Bit Studios", "action_flag": 1, "change_message": "[{\"added\": {}}]"}}, {"model": "admin.logentry", "pk": 83, "fields": {"action_time": "2024-05-10T09:53:19.093Z", "user": 1, "content_type": 7, "object_id": "11", "object_repr": "Fool's Theory", "action_flag": 1, "change_message": "[{\"added\": {}}]"}}, {"model": "admin.logentry", "pk": 84, "fields": {"action_time": "2024-05-10T09:53:28.436Z", "user": 1, "content_type": 8, "object_id": "14", "object_repr": "The Thaumaturge", "action_flag": 1, "change_message": "[{\"added\": {}}]"}}, {"model": "admin.logentry", "pk": 85, "fields": {"action_time": "2024-05-10T09:56:30.435Z", "user": 1, "content_type": 13, "object_id": "12", "object_repr": "Focus Home Interactive", "action_flag": 1, "change_message": "[{\"added\": {}}]"}}, {"model": "admin.logentry", "pk": 86, "fields": {"action_time": "2024-05-10T09:56:37.655Z", "user": 1, "content_type": 7, "object_id": "12", "object_repr": "Spiders", "action_flag": 1, "change_message": "[{\"added\": {}}]"}}, {"model": "admin.logentry", "pk": 87, "fields": {"action_time": "2024-05-10T09:57:11.176Z", "user": 1, "content_type": 8, "object_id": "15", "object_repr": "GreedFall", "action_flag": 1, "change_message": "[{\"added\": {}}]"}}, {"model": "admin.logentry", "pk": 88, "fields": {"action_time": "2024-05-10T09:58:24.631Z", "user": 1, "content_type": 13, "object_id": "13", "object_repr": "Square Enix", "action_flag": 1, "change_message": "[{\"added\": {}}]"}}, {"model": "admin.logentry", "pk": 89, "fields": {"action_time": "2024-05-10T09:58:34.773Z", "user": 1, "content_type": 7, "object_id": "13", "object_repr": "Square Enix Business Division 11", "action_flag": 1, "change_message": "[{\"added\": {}}]"}}, {"model": "admin.logentry", "pk": 90, "fields": {"action_time": "2024-05-10T09:58:50.942Z", "user": 1, "content_type": 8, "object_id": "16", "object_repr": "Octopath Traveler", "action_flag": 1, "change_message": "[{\"added\": {}}]"}}, {"model": "admin.logentry", "pk": 91, "fields": {"action_time": "2024-05-10T09:59:59.493Z", "user": 1, "content_type": 7, "object_id": "14", "object_repr": "Dead Mage", "action_flag": 1, "change_message": "[{\"added\": {}}]"}}, {"model": "admin.logentry", "pk": 92, "fields": {"action_time": "2024-05-10T10:00:22.968Z", "user": 1, "content_type": 8, "object_id": "17", "object_repr": "Children of Morta", "action_flag": 1, "change_message": "[{\"added\": {}}]"}}, {"model": "admin.logentry", "pk": 93, "fields": {"action_time": "2024-05-10T10:01:03.074Z", "user": 1, "content_type": 13, "object_id": "14", "object_repr": "Focus Entertainment", "action_flag": 1, "change_message": "[{\"added\": {}}]"}}, {"model": "admin.logentry", "pk": 94, "fields": {"action_time": "2024-05-10T10:01:10.454Z", "user": 1, "content_type": 7, "object_id": "15", "object_repr": "Don't Nod", "action_flag": 1, "change_message": "[{\"added\": {}}]"}}, {"model": "admin.logentry", "pk": 95, "fields": {"action_time": "2024-05-10T10:01:24.780Z", "user": 1, "content_type": 8, "object_id": "18", "object_repr": "Banishers: Ghosts of New Eden", "action_flag": 1, "change_message": "[{\"added\": {}}]"}}, {"model": "admin.logentry", "pk": 96, "fields": {"action_time": "2024-05-10T10:02:13.921Z", "user": 1, "content_type": 13, "object_id": "15", "object_repr": "Inflexion Games", "action_flag": 1, "change_message": "[{\"added\": {}}]"}}, {"model": "admin.logentry", "pk": 97, "fields": {"action_time": "2024-05-10T10:02:16.364Z", "user": 1, "content_type": 7, "object_id": "16", "object_repr": "Inflexion Games", "action_flag": 1, "change_message": "[{\"added\": {}}]"}}, {"model": "admin.logentry", "pk": 98, "fields": {"action_time": "2024-05-10T10:02:26.018Z", "user": 1, "content_type": 11, "object_id": "13", "object_repr": "Survival", "action_flag": 1, "change_message": "[{\"added\": {}}]"}}, {"model": "admin.logentry", "pk": 99, "fields": {"action_time": "2024-05-10T10:02:34.626Z", "user": 1, "content_type": 8, "object_id": "19", "object_repr": "Nightingale", "action_flag": 1, "change_message": "[{\"added\": {}}]"}}, {"model": "admin.logentry", "pk": 100, "fields": {"action_time": "2024-05-10T10:13:29.889Z", "user": 1, "content_type": 13, "object_id": "16", "object_repr": "Larian Studios", "action_flag": 1, "change_message": "[{\"added\": {}}]"}}, {"model": "admin.logentry", "pk": 101, "fields": {"action_time": "2024-05-10T10:13:34.395Z", "user": 1, "content_type": 7, "object_id": "17", "object_repr": "Larian Studios", "action_flag": 1, "change_message": "[{\"added\": {}}]"}}, {"model": "admin.logentry", "pk": 102, "fields": {"action_time": "2024-05-10T10:13:48.555Z", "user": 1, "content_type": 8, "object_id": "20", "object_repr": "Baldur's Gate 3", "action_flag": 1, "change_message": "[{\"added\": {}}]"}}, {"model": "admin.logentry", "pk": 103, "fields": {"action_time": "2024-05-10T10:14:56.317Z", "user": 1, "content_type": 7, "object_id": "18", "object_repr": "Santa Monica Studio", "action_flag": 1, "change_message": "[{\"added\": {}}]"}}, {"model": "admin.logentry", "pk": 104, "fields": {"action_time": "2024-05-10T10:15:06.004Z", "user": 1, "content_type": 11, "object_id": "14", "object_repr": "Hack and Slash", "action_flag": 1, "change_message": "[{\"added\": {}}]"}}, {"model": "admin.logentry", "pk": 105, "fields": {"action_time": "2024-05-10T10:15:12.486Z", "user": 1, "content_type": 8, "object_id": "21", "object_repr": "God of War Ragnarök", "action_flag": 1, "change_message": "[{\"added\": {}}]"}}, {"model": "admin.logentry", "pk": 106, "fields": {"action_time": "2024-05-10T10:17:07.507Z", "user": 1, "content_type": 13, "object_id": "17", "object_repr": "Square", "action_flag": 1, "change_message": "[{\"added\": {}}]"}}, {"model": "admin.logentry", "pk": 107, "fields": {"action_time": "2024-05-10T10:17:24.637Z", "user": 1, "content_type": 7, "object_id": "19", "object_repr": "Square", "action_flag": 1, "change_message": "[{\"added\": {}}]"}}, {"model": "admin.logentry", "pk": 108, "fields": {"action_time": "2024-05-10T10:17:47.390Z", "user": 1, "content_type": 12, "object_id": "9", "object_repr": "SNES", "action_flag": 1, "change_message": "[{\"added\": {}}]"}}, {"model": "admin.logentry", "pk": 109, "fields": {"action_time": "2024-05-10T10:17:53.254Z", "user": 1, "content_type": 12, "object_id": "10", "object_repr": "PlayStation", "action_flag": 1, "change_message": "[{\"added\": {}}]"}}, {"model": "admin.logentry", "pk": 110, "fields": {"action_time": "2024-05-10T10:17:59.737Z", "user": 1, "content_type": 12, "object_id": "11", "object_repr": "Nintendo DS", "action_flag": 1, "change_message": "[{\"added\": {}}]"}}, {"model": "admin.logentry", "pk": 111, "fields": {"action_time": "2024-05-10T10:18:06.508Z", "user": 1, "content_type": 8, "object_id": "22", "object_repr": "Chrono Trigger", "action_flag": 1, "change_message": "[{\"added\": {}}]"}}, {"model": "admin.logentry", "pk": 112, "fields": {"action_time": "2024-05-10T10:19:07.181Z", "user": 1, "content_type": 13, "object_id": "18", "object_repr": "Rockstar Games", "action_flag": 1, "change_message": "[{\"added\": {}}]"}}, {"model": "admin.logentry", "pk": 113, "fields": {"action_time": "2024-05-10T10:19:09.380Z", "user": 1, "content_type": 7, "object_id": "20", "object_repr": "Rockstar Games", "action_flag": 1, "change_message": "[{\"added\": {}}]"}}, {"model": "admin.logentry", "pk": 114, "fields": {"action_time": "2024-05-10T10:19:25.332Z", "user": 1, "content_type": 8, "object_id": "23", "object_repr": "Red Dead Redemption 2", "action_flag": 1, "change_message": "[{\"added\": {}}]"}}, {"model": "admin.logentry", "pk": 115, "fields": {"action_time": "2024-05-10T10:20:34.187Z", "user": 1, "content_type": 13, "object_id": "19", "object_repr": "Team Cherry", "action_flag": 1, "change_message": "[{\"added\": {}}]"}}, {"model": "admin.logentry", "pk": 116, "fields": {"action_time": "2024-05-10T10:20:41.032Z", "user": 1, "content_type": 7, "object_id": "21", "object_repr": "Team Cherry", "action_flag": 1, "change_message": "[{\"added\": {}}]"}}, {"model": "admin.logentry", "pk": 117, "fields": {"action_time": "2024-05-10T10:21:04.079Z", "user": 1, "content_type": 11, "object_id": "15", "object_repr": "Metroidvania", "action_flag": 1, "change_message": "[{\"added\": {}}]"}}, {"model": "admin.logentry", "pk": 118, "fields": {"action_time": "2024-05-10T10:21:08.157Z", "user": 1, "content_type": 8, "object_id": "24", "object_repr": "Hollow Knight", "action_flag": 1, "change_message": "[{\"added\": {}}]"}}, {"model": "admin.logentry", "pk": 119, "fields": {"action_time": "2024-05-10T10:22:18.188Z", "user": 1, "content_type": 13, "object_id": "20", "object_repr": "Valve", "action_flag": 1, "change_message": "[{\"added\": {}}]"}}, {"model": "admin.logentry", "pk": 120, "fields": {"action_time": "2024-05-10T10:22:21.187Z", "user": 1, "content_type": 7, "object_id": "22", "object_repr": "Valve", "action_flag": 1, "change_message": "[{\"added\": {}}]"}}, {"model": "admin.logentry", "pk": 121, "fields": {"action_time": "2024-05-10T10:22:30.071Z", "user": 1, "content_type": 11, "object_id": "16", "object_repr": "Puzzle", "action_flag": 1, "change_message": "[{\"added\": {}}]"}}, {"model": "admin.logentry", "pk": 122, "fields": {"action_time": "2024-05-10T10:22:33.781Z", "user": 1, "content_type": 11, "object_id": "17", "object_repr": "Platform", "action_flag": 1, "change_message": "[{\"added\": {}}]"}}, {"model": "admin.logentry", "pk": 123, "fields": {"action_time": "2024-05-10T10:22:49.509Z", "user": 1, "content_type": 8, "object_id": "25", "object_repr": "Portal 2", "action_flag": 1, "change_message": "[{\"added\": {}}]"}}, {"model": "admin.logentry", "pk": 124, "fields": {"action_time": "2024-05-10T10:24:40.841Z", "user": 1, "content_type": 13, "object_id": "21", "object_repr": "Electronic Arts", "action_flag": 1, "change_message": "[{\"added\": {}}]"}}, {"model": "admin.logentry", "pk": 125, "fields": {"action_time": "2024-05-10T10:24:50.899Z", "user": 1, "content_type": 7, "object_id": "23", "object_repr": "Hazelight Studios", "action_flag": 1, "change_message": "[{\"added\": {}}]"}}, {"model": "admin.logentry", "pk": 126, "fields": {"action_time": "2024-05-10T10:25:14.828Z", "user": 1, "content_type": 11, "object_id": "18", "object_repr": "Adventure", "action_flag": 1, "change_message": "[{\"added\": {}}]"}}, {"model": "admin.logentry", "pk": 127, "fields": {"action_time": "2024-05-10T10:25:31.125Z", "user": 1, "content_type": 8, "object_id": "26", "object_repr": "It Takes Two", "action_flag": 1, "change_message": "[{\"added\": {}}]"}}, {"model": "admin.logentry", "pk": 128, "fields": {"action_time": "2024-05-10T10:26:31.745Z", "user": 1, "content_type": 7, "object_id": "24", "object_repr": "Guerrilla Games", "action_flag": 1, "change_message": "[{\"added\": {}}]"}}, {"model": "admin.logentry", "pk": 129, "fields": {"action_time": "2024-05-10T10:26:42.519Z", "user": 1, "content_type": 8, "object_id": "27", "object_repr": "Horizon Zero Dawn", "action_flag": 1, "change_message": "[{\"added\": {}}]"}}, {"model": "admin.logentry", "pk": 130, "fields": {"action_time": "2024-05-10T10:27:29.106Z", "user": 1, "content_type": 13, "object_id": "22", "object_repr": "ConcernedApe", "action_flag": 1, "change_message": "[{\"added\": {}}]"}}, {"model": "admin.logentry", "pk": 131, "fields": {"action_time": "2024-05-10T10:27:33.651Z", "user": 1, "content_type": 7, "object_id": "25", "object_repr": "ConcernedApe", "action_flag": 1, "change_message": "[{\"added\": {}}]"}}, {"model": "admin.logentry", "pk": 132, "fields": {"action_time": "2024-05-10T10:28:08.608Z", "user": 1, "content_type": 11, "object_id": "19", "object_repr": "Farm life", "action_flag": 1, "change_message": "[{\"added\": {}}]"}}, {"model": "admin.logentry", "pk": 133, "fields": {"action_time": "2024-05-10T10:28:12.557Z", "user": 1, "content_type": 8, "object_id": "28", "object_repr": "Stardew Valley", "action_flag": 1, "change_message": "[{\"added\": {}}]"}}, {"model": "admin.logentry", "pk": 134, "fields": {"action_time": "2024-05-10T10:29:14.669Z", "user": 1, "content_type": 7, "object_id": "26", "object_repr": "Insomniac Games", "action_flag": 1, "change_message": "[{\"added\": {}}]"}}, {"model": "admin.logentry", "pk": 135, "fields": {"action_time": "2024-05-10T10:29:31.125Z", "user": 1, "content_type": 8, "object_id": "29", "object_repr": "Marvel's Spider-Man", "action_flag": 1, "change_message": "[{\"added\": {}}]"}}, {"model": "admin.logentry", "pk": 136, "fields": {"action_time": "2024-05-10T10:30:49.495Z", "user": 1, "content_type": 7, "object_id": "27", "object_repr": "Sucker Punch Productions", "action_flag": 1, "change_message": "[{\"added\": {}}]"}}, {"model": "admin.logentry", "pk": 137, "fields": {"action_time": "2024-05-10T10:31:00.133Z", "user": 1, "content_type": 8, "object_id": "30", "object_repr": "Ghost of Tsushima", "action_flag": 1, "change_message": "[{\"added\": {}}]"}}, {"model": "admin.logentry", "pk": 138, "fields": {"action_time": "2024-05-14T12:46:11.155Z", "user": 1, "content_type": 10, "object_id": "13", "object_repr": "test123 - Dark Souls Prepare to die edition", "action_flag": 2, "change_message": "[{\"changed\": {\"fields\": [\"Status\"]}}]"}}, {"model": "admin.logentry", "pk": 139, "fields": {"action_time": "2024-05-15T13:31:31.715Z", "user": 1, "content_type": 10, "object_id": "50", "object_repr": "test123 - Dragon's Dogma 2", "action_flag": 1, "change_message": "[{\"added\": {}}]"}}, {"model": "admin.logentry", "pk": 140, "fields": {"action_time": "2024-05-15T13:31:43.324Z", "user": 1, "content_type": 10, "object_id": "51", "object_repr": "test123 - Borderlands 2", "action_flag": 1, "change_message": "[{\"added\": {}}]"}}, {"model": "admin.logentry", "pk": 141, "fields": {"action_time": "2024-05-15T13:31:53.527Z", "user": 1, "content_type": 10, "object_id": "52", "object_repr": "test123 - The Witcher 3: Wild Hunt", "action_flag": 1, "change_message": "[{\"added\": {}}]"}}, {"model": "admin.logentry", "pk": 142, "fields": {"action_time": "2024-05-15T13:32:03.211Z", "user": 1, "content_type": 10, "object_id": "53", "object_repr": "test123 - Stellar Blade", "action_flag": 1, "change_message": "[{\"added\": {}}]"}}, {"model": "admin.logentry", "pk": 143, "fields": {"action_time": "2024-05-15T13:32:17.308Z", "user": 1, "content_type": 10, "object_id": "54", "object_repr": "test123 - Skull and Bones", "action_flag": 1, "change_message": "[{\"added\": {}}]"}}, {"model": "admin.logentry", "pk": 144, "fields": {"action_time": "2024-05-15T13:32:45.357Z", "user": 1, "content_type": 10, "object_id": "55", "object_repr": "test123 - No Rest for the Wicked", "action_flag": 1, "change_message": "[{\"added\": {}}]"}}, {"model": "admin.logentry", "pk": 145, "fields": {"action_time": "2024-05-15T13:32:59.543Z", "user": 1, "content_type": 10, "object_id": "56", "object_repr": "test123 - The Thaumaturge", "action_flag": 1, "change_message": "[{\"added\": {}}]"}}, {"model": "admin.logentry", "pk": 146, "fields": {"action_time": "2024-05-15T13:33:12.909Z", "user": 1, "content_type": 10, "object_id": "57", "object_repr": "test123 - Children of Morta", "action_flag": 1, "change_message": "[{\"added\": {}}]"}}, {"model": "admin.logentry", "pk": 147, "fields": {"action_time": "2024-05-15T13:33:25.876Z", "user": 1, "content_type": 10, "object_id": "58", "object_repr": "test123 - Banishers: Ghosts of New Eden", "action_flag": 1, "change_message": "[{\"added\": {}}]"}}, {"model": "admin.logentry", "pk": 148, "fields": {"action_time": "2024-05-15T13:34:26.876Z", "user": 1, "content_type": 10, "object_id": "59", "object_repr": "test123 - Nightingale", "action_flag": 1, "change_message": "[{\"added\": {}}]"}}, {"model": "admin.logentry", "pk": 149, "fields": {"action_time": "2024-05-15T13:34:37.646Z", "user": 1, "content_type": 10, "object_id": "60", "object_repr": "test123 - Baldur's Gate 3", "action_flag": 1, "change_message": "[{\"added\": {}}]"}}, {"model": "admin.logentry", "pk": 150, "fields": {"action_time": "2024-05-15T13:34:47.737Z", "user": 1, "content_type": 10, "object_id": "61", "object_repr": "test123 - God of War Ragnarök", "action_flag": 1, "change_message": "[{\"added\": {}}]"}}, {"model": "admin.logentry", "pk": 151, "fields": {"action_time": "2024-05-15T13:34:59.351Z", "user": 1, "content_type": 10, "object_id": "62", "object_repr": "test123 - Chrono Trigger", "action_flag": 1, "change_message": "[{\"added\": {}}]"}}, {"model": "admin.logentry", "pk": 152, "fields": {"action_time": "2024-05-15T13:35:10.654Z", "user": 1, "content_type": 10, "object_id": "63", "object_repr": "test123 - Red Dead Redemption 2", "action_flag": 1, "change_message": "[{\"added\": {}}]"}}, {"model": "admin.logentry", "pk": 153, "fields": {"action_time": "2024-06-11T08:04:51.485Z", "user": 1, "content_type": 7, "object_id": "1", "object_repr": "FromSoftware", "action_flag": 2, "change_message": "[{\"changed\": {\"fields\": [\"Developer_logo\"]}}]"}}, {"model": "admin.logentry", "pk": 154, "fields": {"action_time": "2024-06-11T08:34:57.878Z", "user": 1, "content_type": 8, "object_id": "22", "object_repr": "Chrono Trigger", "action_flag": 2, "change_message": "[{\"changed\": {\"fields\": [\"Publisher\"]}}]"}}, {"model": "admin.logentry", "pk": 155, "fields": {"action_time": "2024-06-11T08:35:14.068Z", "user": 1, "content_type": 7, "object_id": "19", "object_repr": "Square Enix", "action_flag": 2, "change_message": "[{\"changed\": {\"fields\": [\"Name\"]}}]"}}, {"model": "admin.logentry", "pk": 156, "fields": {"action_time": "2024-06-11T08:48:45.244Z", "user": 1, "content_type": 7, "object_id": "2", "object_repr": "Capcom", "action_flag": 2, "change_message": "[{\"changed\": {\"fields\": [\"Developer logo\"]}}]"}}, {"model": "admin.logentry", "pk": 157, "fields": {"action_time": "2024-06-11T08:48:56.170Z", "user": 1, "content_type": 7, "object_id": "3", "object_repr": "Gearbox Software", "action_flag": 2, "change_message": "[{\"changed\": {\"fields\": [\"Developer logo\"]}}]"}}, {"model": "admin.logentry", "pk": 158, "fields": {"action_time": "2024-06-11T08:49:03.790Z", "user": 1, "content_type": 7, "object_id": "4", "object_repr": "CD Projekt Red", "action_flag": 2, "change_message": "[{\"changed\": {\"fields\": [\"Developer logo\"]}}]"}}, {"model": "admin.logentry", "pk": 159, "fields": {"action_time": "2024-06-11T08:49:14.050Z", "user": 1, "content_type": 7, "object_id": "5", "object_repr": "Shift Up", "action_flag": 2, "change_message": "[{\"changed\": {\"fields\": [\"Developer logo\"]}}]"}}, {"model": "admin.logentry", "pk": 160, "fields": {"action_time": "2024-06-11T08:50:55.140Z", "user": 1, "content_type": 7, "object_id": "6", "object_repr": "Supergiant Games", "action_flag": 2, "change_message": "[{\"changed\": {\"fields\": [\"Developer logo\"]}}]"}}, {"model": "admin.logentry", "pk": 161, "fields": {"action_time": "2024-06-11T08:51:03.211Z", "user": 1, "content_type": 7, "object_id": "7", "object_repr": "Ubisoft Singapore", "action_flag": 2, "change_message": "[{\"changed\": {\"fields\": [\"Developer logo\"]}}]"}}, {"model": "admin.logentry", "pk": 162, "fields": {"action_time": "2024-06-11T08:51:10.930Z", "user": 1, "content_type": 7, "object_id": "8", "object_repr": "Moon Studios", "action_flag": 2, "change_message": "[{\"changed\": {\"fields\": [\"Developer logo\"]}}]"}}, {"model": "admin.logentry", "pk": 163, "fields": {"action_time": "2024-06-11T08:51:26.140Z", "user": 1, "content_type": 7, "object_id": "10", "object_repr": "ILCA", "action_flag": 2, "change_message": "[{\"changed\": {\"fields\": [\"Developer logo\"]}}]"}}, {"model": "admin.logentry", "pk": 164, "fields": {"action_time": "2024-06-11T08:51:34.982Z", "user": 1, "content_type": 7, "object_id": "11", "object_repr": "Fool's Theory", "action_flag": 2, "change_message": "[{\"changed\": {\"fields\": [\"Developer logo\"]}}]"}}, {"model": "admin.logentry", "pk": 165, "fields": {"action_time": "2024-06-11T08:51:43.641Z", "user": 1, "content_type": 7, "object_id": "12", "object_repr": "Spiders", "action_flag": 2, "change_message": "[{\"changed\": {\"fields\": [\"Developer logo\"]}}]"}}, {"model": "admin.logentry", "pk": 166, "fields": {"action_time": "2024-06-11T08:51:51.880Z", "user": 1, "content_type": 7, "object_id": "13", "object_repr": "Square Enix Business Division 11", "action_flag": 2, "change_message": "[{\"changed\": {\"fields\": [\"Developer logo\"]}}]"}}, {"model": "admin.logentry", "pk": 167, "fields": {"action_time": "2024-06-11T08:52:02.535Z", "user": 1, "content_type": 7, "object_id": "14", "object_repr": "Dead Mage", "action_flag": 2, "change_message": "[{\"changed\": {\"fields\": [\"Developer logo\"]}}]"}}, {"model": "admin.logentry", "pk": 168, "fields": {"action_time": "2024-06-11T08:52:10.430Z", "user": 1, "content_type": 7, "object_id": "15", "object_repr": "Don't Nod", "action_flag": 2, "change_message": "[{\"changed\": {\"fields\": [\"Developer logo\"]}}]"}}, {"model": "admin.logentry", "pk": 169, "fields": {"action_time": "2024-06-11T08:52:19.069Z", "user": 1, "content_type": 7, "object_id": "16", "object_repr": "Inflexion Games", "action_flag": 2, "change_message": "[{\"changed\": {\"fields\": [\"Developer logo\"]}}]"}}, {"model": "admin.logentry", "pk": 170, "fields": {"action_time": "2024-06-11T08:52:27.368Z", "user": 1, "content_type": 7, "object_id": "17", "object_repr": "Larian Studios", "action_flag": 2, "change_message": "[{\"changed\": {\"fields\": [\"Developer logo\"]}}]"}}, {"model": "admin.logentry", "pk": 171, "fields": {"action_time": "2024-06-11T08:52:34.350Z", "user": 1, "content_type": 7, "object_id": "18", "object_repr": "Santa Monica Studio", "action_flag": 2, "change_message": "[{\"changed\": {\"fields\": [\"Developer logo\"]}}]"}}, {"model": "admin.logentry", "pk": 172, "fields": {"action_time": "2024-06-11T08:52:42.720Z", "user": 1, "content_type": 7, "object_id": "19", "object_repr": "Square Enix", "action_flag": 2, "change_message": "[{\"changed\": {\"fields\": [\"Developer logo\"]}}]"}}, {"model": "admin.logentry", "pk": 173, "fields": {"action_time": "2024-06-11T08:52:53.320Z", "user": 1, "content_type": 7, "object_id": "20", "object_repr": "Rockstar Games", "action_flag": 2, "change_message": "[{\"changed\": {\"fields\": [\"Developer logo\"]}}]"}}, {"model": "admin.logentry", "pk": 174, "fields": {"action_time": "2024-06-11T08:53:01.523Z", "user": 1, "content_type": 7, "object_id": "21", "object_repr": "Team Cherry", "action_flag": 2, "change_message": "[{\"changed\": {\"fields\": [\"Developer logo\"]}}]"}}, {"model": "admin.logentry", "pk": 175, "fields": {"action_time": "2024-06-11T08:53:08.831Z", "user": 1, "content_type": 7, "object_id": "22", "object_repr": "Valve", "action_flag": 2, "change_message": "[{\"changed\": {\"fields\": [\"Developer logo\"]}}]"}}, {"model": "admin.logentry", "pk": 176, "fields": {"action_time": "2024-06-11T08:53:19.070Z", "user": 1, "content_type": 7, "object_id": "23", "object_repr": "Hazelight Studios", "action_flag": 2, "change_message": "[{\"changed\": {\"fields\": [\"Developer logo\"]}}]"}}, {"model": "admin.logentry", "pk": 177, "fields": {"action_time": "2024-06-11T08:53:29.031Z", "user": 1, "content_type": 7, "object_id": "24", "object_repr": "Guerrilla Games", "action_flag": 2, "change_message": "[{\"changed\": {\"fields\": [\"Developer logo\"]}}]"}}, {"model": "admin.logentry", "pk": 178, "fields": {"action_time": "2024-06-11T08:53:42.531Z", "user": 1, "content_type": 7, "object_id": "26", "object_repr": "Insomniac Games", "action_flag": 2, "change_message": "[{\"changed\": {\"fields\": [\"Developer logo\"]}}]"}}, {"model": "admin.logentry", "pk": 179, "fields": {"action_time": "2024-06-11T08:53:53.810Z", "user": 1, "content_type": 7, "object_id": "27", "object_repr": "Sucker Punch Productions", "action_flag": 2, "change_message": "[{\"changed\": {\"fields\": [\"Developer logo\"]}}]"}}, {"model": "admin.logentry", "pk": 180, "fields": {"action_time": "2024-06-11T09:11:33.526Z", "user": 1, "content_type": 13, "object_id": "21", "object_repr": "Electronic Arts", "action_flag": 2, "change_message": "[{\"changed\": {\"fields\": [\"Developer logo\"]}}]"}}, {"model": "admin.logentry", "pk": 181, "fields": {"action_time": "2024-06-11T09:11:48.126Z", "user": 1, "content_type": 13, "object_id": "1", "object_repr": "Bandai Namco Entertainment", "action_flag": 2, "change_message": "[{\"changed\": {\"fields\": [\"Developer logo\"]}}]"}}, {"model": "admin.logentry", "pk": 182, "fields": {"action_time": "2024-06-11T09:11:54.721Z", "user": 1, "content_type": 13, "object_id": "2", "object_repr": "Capcom", "action_flag": 2, "change_message": "[{\"changed\": {\"fields\": [\"Developer logo\"]}}]"}}, {"model": "admin.logentry", "pk": 183, "fields": {"action_time": "2024-06-11T09:12:02.683Z", "user": 1, "content_type": 13, "object_id": "3", "object_repr": "2K", "action_flag": 2, "change_message": "[{\"changed\": {\"fields\": [\"Developer logo\"]}}]"}}, {"model": "admin.logentry", "pk": 184, "fields": {"action_time": "2024-06-11T09:13:06.764Z", "user": 1, "content_type": 13, "object_id": "4", "object_repr": "Microsoft Game Studios", "action_flag": 2, "change_message": "[{\"changed\": {\"fields\": [\"Developer logo\"]}}]"}}, {"model": "admin.logentry", "pk": 185, "fields": {"action_time": "2024-06-11T09:13:14.176Z", "user": 1, "content_type": 13, "object_id": "5", "object_repr": "CD Projekt", "action_flag": 2, "change_message": "[{\"changed\": {\"fields\": [\"Developer logo\"]}}]"}}, {"model": "admin.logentry", "pk": 186, "fields": {"action_time": "2024-06-11T09:13:23.736Z", "user": 1, "content_type": 13, "object_id": "6", "object_repr": "Sony Interactive Entertainment", "action_flag": 2, "change_message": "[{\"changed\": {\"fields\": [\"Developer logo\"]}}]"}}, {"model": "admin.logentry", "pk": 187, "fields": {"action_time": "2024-06-11T09:13:30.940Z", "user": 1, "content_type": 13, "object_id": "7", "object_repr": "Supergiant Games", "action_flag": 2, "change_message": "[{\"changed\": {\"fields\": [\"Developer logo\"]}}]"}}, {"model": "admin.logentry", "pk": 188, "fields": {"action_time": "2024-06-11T09:13:39.962Z", "user": 1, "content_type": 13, "object_id": "8", "object_repr": "Ubisoft", "action_flag": 2, "change_message": "[{\"changed\": {\"fields\": [\"Developer logo\"]}}]"}}, {"model": "admin.logentry", "pk": 189, "fields": {"action_time": "2024-06-11T09:13:51.059Z", "user": 1, "content_type": 13, "object_id": "9", "object_repr": "Private Division", "action_flag": 2, "change_message": "[{\"changed\": {\"fields\": [\"Developer logo\"]}}]"}}, {"model": "admin.logentry", "pk": 190, "fields": {"action_time": "2024-06-11T09:13:59.341Z", "user": 1, "content_type": 13, "object_id": "10", "object_repr": "Hooded Horse", "action_flag": 2, "change_message": "[{\"changed\": {\"fields\": [\"Developer logo\"]}}]"}}, {"model": "admin.logentry", "pk": 191, "fields": {"action_time": "2024-06-11T09:14:06.506Z", "user": 1, "content_type": 13, "object_id": "11", "object_repr": "11 Bit Studios", "action_flag": 2, "change_message": "[{\"changed\": {\"fields\": [\"Developer logo\"]}}]"}}, {"model": "admin.logentry", "pk": 192, "fields": {"action_time": "2024-06-11T09:14:15.656Z", "user": 1, "content_type": 13, "object_id": "12", "object_repr": "Focus Home Interactive", "action_flag": 2, "change_message": "[{\"changed\": {\"fields\": [\"Developer logo\"]}}]"}}, {"model": "admin.logentry", "pk": 193, "fields": {"action_time": "2024-06-11T09:14:24.857Z", "user": 1, "content_type": 13, "object_id": "13", "object_repr": "Square Enix", "action_flag": 2, "change_message": "[{\"changed\": {\"fields\": [\"Developer logo\"]}}]"}}, {"model": "admin.logentry", "pk": 194, "fields": {"action_time": "2024-06-11T09:14:33.125Z", "user": 1, "content_type": 13, "object_id": "14", "object_repr": "Focus Entertainment", "action_flag": 2, "change_message": "[{\"changed\": {\"fields\": [\"Developer logo\"]}}]"}}, {"model": "admin.logentry", "pk": 195, "fields": {"action_time": "2024-06-11T09:14:43.130Z", "user": 1, "content_type": 13, "object_id": "15", "object_repr": "Inflexion Games", "action_flag": 2, "change_message": "[{\"changed\": {\"fields\": [\"Developer logo\"]}}]"}}, {"model": "admin.logentry", "pk": 196, "fields": {"action_time": "2024-06-11T09:14:52.829Z", "user": 1, "content_type": 13, "object_id": "16", "object_repr": "Larian Studios", "action_flag": 2, "change_message": "[{\"changed\": {\"fields\": [\"Developer logo\"]}}]"}}, {"model": "admin.logentry", "pk": 197, "fields": {"action_time": "2024-06-11T09:15:03.211Z", "user": 1, "content_type": 13, "object_id": "17", "object_repr": "Square", "action_flag": 2, "change_message": "[{\"changed\": {\"fields\": [\"Developer logo\"]}}]"}}, {"model": "admin.logentry", "pk": 198, "fields": {"action_time": "2024-06-11T09:15:11.588Z", "user": 1, "content_type": 13, "object_id": "18", "object_repr": "Rockstar Games", "action_flag": 2, "change_message": "[{\"changed\": {\"fields\": [\"Developer logo\"]}}]"}}, {"model": "admin.logentry", "pk": 199, "fields": {"action_time": "2024-06-11T09:15:19.448Z", "user": 1, "content_type": 13, "object_id": "19", "object_repr": "Team Cherry", "action_flag": 2, "change_message": "[{\"changed\": {\"fields\": [\"Developer logo\"]}}]"}}, {"model": "admin.logentry", "pk": 200, "fields": {"action_time": "2024-06-11T09:15:26.949Z", "user": 1, "content_type": 13, "object_id": "20", "object_repr": "Valve", "action_flag": 2, "change_message": "[{\"changed\": {\"fields\": [\"Developer logo\"]}}]"}}, {"model": "auth.permission", "pk": 1, "fields": {"name": "Can add log entry", "content_type": 1, "codename": "add_logentry"}}, {"model": "auth.permission", "pk": 2, "fields": {"name": "Can change log entry", "content_type": 1, "codename": "change_logentry"}}, {"model": "auth.permission", "pk": 3, "fields": {"name": "Can delete log entry", "content_type": 1, "codename": "delete_logentry"}}, {"model": "auth.permission", "pk": 4, "fields": {"name": "Can view log entry", "content_type": 1, "codename": "view_logentry"}}, {"model": "auth.permission", "pk": 5, "fields": {"name": "Can add permission", "content_type": 2, "codename": "add_permission"}}, {"model": "auth.permission", "pk": 6, "fields": {"name": "Can change permission", "content_type": 2, "codename": "change_permission"}}, {"model": "auth.permission", "pk": 7, "fields": {"name": "Can delete permission", "content_type": 2, "codename": "delete_permission"}}, {"model": "auth.permission", "pk": 8, "fields": {"name": "Can view permission", "content_type": 2, "codename": "view_permission"}}, {"model": "auth.permission", "pk": 9, "fields": {"name": "Can add group", "content_type": 3, "codename": "add_group"}}, {"model": "auth.permission", "pk": 10, "fields": {"name": "Can change group", "content_type": 3, "codename": "change_group"}}, {"model": "auth.permission", "pk": 11, "fields": {"name": "Can delete group", "content_type": 3, "codename": "delete_group"}}, {"model": "auth.permission", "pk": 12, "fields": {"name": "Can view group", "content_type": 3, "codename": "view_group"}}, {"model": "auth.permission", "pk": 13, "fields": {"name": "Can add content type", "content_type": 4, "codename": "add_contenttype"}}, {"model": "auth.permission", "pk": 14, "fields": {"name": "Can change content type", "content_type": 4, "codename": "change_contenttype"}}, {"model": "auth.permission", "pk": 15, "fields": {"name": "Can delete content type", "content_type": 4, "codename": "delete_contenttype"}}, {"model": "auth.permission", "pk": 16, "fields": {"name": "Can view content type", "content_type": 4, "codename": "view_contenttype"}}, {"model": "auth.permission", "pk": 17, "fields": {"name": "Can add session", "content_type": 5, "codename": "add_session"}}, {"model": "auth.permission", "pk": 18, "fields": {"name": "Can change session", "content_type": 5, "codename": "change_session"}}, {"model": "auth.permission", "pk": 19, "fields": {"name": "Can delete session", "content_type": 5, "codename": "delete_session"}}, {"model": "auth.permission", "pk": 20, "fields": {"name": "Can view session", "content_type": 5, "codename": "view_session"}}, {"model": "auth.permission", "pk": 21, "fields": {"name": "Can add user", "content_type": 6, "codename": "add_user"}}, {"model": "auth.permission", "pk": 22, "fields": {"name": "Can change user", "content_type": 6, "codename": "change_user"}}, {"model": "auth.permission", "pk": 23, "fields": {"name": "Can delete user", "content_type": 6, "codename": "delete_user"}}, {"model": "auth.permission", "pk": 24, "fields": {"name": "Can view user", "content_type": 6, "codename": "view_user"}}, {"model": "auth.permission", "pk": 25, "fields": {"name": "Can add developer", "content_type": 7, "codename": "add_developer"}}, {"model": "auth.permission", "pk": 26, "fields": {"name": "Can change developer", "content_type": 7, "codename": "change_developer"}}, {"model": "auth.permission", "pk": 27, "fields": {"name": "Can delete developer", "content_type": 7, "codename": "delete_developer"}}, {"model": "auth.permission", "pk": 28, "fields": {"name": "Can view developer", "content_type": 7, "codename": "view_developer"}}, {"model": "auth.permission", "pk": 29, "fields": {"name": "Can add game", "content_type": 8, "codename": "add_game"}}, {"model": "auth.permission", "pk": 30, "fields": {"name": "Can change game", "content_type": 8, "codename": "change_game"}}, {"model": "auth.permission", "pk": 31, "fields": {"name": "Can delete game", "content_type": 8, "codename": "delete_game"}}, {"model": "auth.permission", "pk": 32, "fields": {"name": "Can view game", "content_type": 8, "codename": "view_game"}}, {"model": "auth.permission", "pk": 33, "fields": {"name": "Can add game follow", "content_type": 9, "codename": "add_gamefollow"}}, {"model": "auth.permission", "pk": 34, "fields": {"name": "Can change game follow", "content_type": 9, "codename": "change_gamefollow"}}, {"model": "auth.permission", "pk": 35, "fields": {"name": "Can delete game follow", "content_type": 9, "codename": "delete_gamefollow"}}, {"model": "auth.permission", "pk": 36, "fields": {"name": "Can view game follow", "content_type": 9, "codename": "view_gamefollow"}}, {"model": "auth.permission", "pk": 37, "fields": {"name": "Can add game list", "content_type": 10, "codename": "add_gamelist"}}, {"model": "auth.permission", "pk": 38, "fields": {"name": "Can change game list", "content_type": 10, "codename": "change_gamelist"}}, {"model": "auth.permission", "pk": 39, "fields": {"name": "Can delete game list", "content_type": 10, "codename": "delete_gamelist"}}, {"model": "auth.permission", "pk": 40, "fields": {"name": "Can view game list", "content_type": 10, "codename": "view_gamelist"}}, {"model": "auth.permission", "pk": 41, "fields": {"name": "Can add genre", "content_type": 11, "codename": "add_genre"}}, {"model": "auth.permission", "pk": 42, "fields": {"name": "Can change genre", "content_type": 11, "codename": "change_genre"}}, {"model": "auth.permission", "pk": 43, "fields": {"name": "Can delete genre", "content_type": 11, "codename": "delete_genre"}}, {"model": "auth.permission", "pk": 44, "fields": {"name": "Can view genre", "content_type": 11, "codename": "view_genre"}}, {"model": "auth.permission", "pk": 45, "fields": {"name": "Can add platform", "content_type": 12, "codename": "add_platform"}}, {"model": "auth.permission", "pk": 46, "fields": {"name": "Can change platform", "content_type": 12, "codename": "change_platform"}}, {"model": "auth.permission", "pk": 47, "fields": {"name": "Can delete platform", "content_type": 12, "codename": "delete_platform"}}, {"model": "auth.permission", "pk": 48, "fields": {"name": "Can view platform", "content_type": 12, "codename": "view_platform"}}, {"model": "auth.permission", "pk": 49, "fields": {"name": "Can add publisher", "content_type": 13, "codename": "add_publisher"}}, {"model": "auth.permission", "pk": 50, "fields": {"name": "Can change publisher", "content_type": 13, "codename": "change_publisher"}}, {"model": "auth.permission", "pk": 51, "fields": {"name": "Can delete publisher", "content_type": 13, "codename": "delete_publisher"}}, {"model": "auth.permission", "pk": 52, "fields": {"name": "Can view publisher", "content_type": 13, "codename": "view_publisher"}}, {"model": "auth.permission", "pk": 53, "fields": {"name": "Can add game review", "content_type": 14, "codename": "add_gamereview"}}, {"model": "auth.permission", "pk": 54, "fields": {"name": "Can change game review", "content_type": 14, "codename": "change_gamereview"}}, {"model": "auth.permission", "pk": 55, "fields": {"name": "Can delete game review", "content_type": 14, "codename": "delete_gamereview"}}, {"model": "auth.permission", "pk": 56, "fields": {"name": "Can view game review", "content_type": 14, "codename": "view_gamereview"}}, {"model": "auth.permission", "pk": 57, "fields": {"name": "Can add friendship", "content_type": 15, "codename": "add_friendship"}}, {"model": "auth.permission", "pk": 58, "fields": {"name": "Can change friendship", "content_type": 15, "codename": "change_friendship"}}, {"model": "auth.permission", "pk": 59, "fields": {"name": "Can delete friendship", "content_type": 15, "codename": "delete_friendship"}}, {"model": "auth.permission", "pk": 60, "fields": {"name": "Can view friendship", "content_type": 15, "codename": "view_friendship"}}, {"model": "auth.permission", "pk": 61, "fields": {"name": "Can add friendship request", "content_type": 16, "codename": "add_friendshiprequest"}}, {"model": "auth.permission", "pk": 62, "fields": {"name": "Can change friendship request", "content_type": 16, "codename": "change_friendshiprequest"}}, {"model": "auth.permission", "pk": 63, "fields": {"name": "Can delete friendship request", "content_type": 16, "codename": "delete_friendshiprequest"}}, {"model": "auth.permission", "pk": 64, "fields": {"name": "Can view friendship request", "content_type": 16, "codename": "view_friendshiprequest"}}, {"model": "contenttypes.contenttype", "pk": 1, "fields": {"app_label": "admin", "model": "logentry"}}, {"model": "contenttypes.contenttype", "pk": 2, "fields": {"app_label": "auth", "model": "permission"}}, {"model": "contenttypes.contenttype", "pk": 3, "fields": {"app_label": "auth", "model": "group"}}, {"model": "contenttypes.contenttype", "pk": 4, "fields": {"app_label": "contenttypes", "model": "contenttype"}}, {"model": "contenttypes.contenttype", "pk": 5, "fields": {"app_label": "sessions", "model": "session"}}, {"model": "contenttypes.contenttype", "pk": 6, "fields": {"app_label": "users", "model": "user"}}, {"model": "contenttypes.contenttype", "pk": 7, "fields": {"app_label": "games", "model": "developer"}}, {"model": "contenttypes.contenttype", "pk": 8, "fields": {"app_label": "games", "model": "game"}}, {"model": "contenttypes.contenttype", "pk": 9, "fields": {"app_label": "games", "model": "gamefollow"}}, {"model": "contenttypes.contenttype", "pk": 10, "fields": {"app_label": "games", "model": "gamelist"}}, {"model": "contenttypes.contenttype", "pk": 11, "fields": {"app_label": "games", "model": "genre"}}, {"model": "contenttypes.contenttype", "pk": 12, "fields": {"app_label": "games", "model": "platform"}}, {"model": "contenttypes.contenttype", "pk": 13, "fields": {"app_label": "games", "model": "publisher"}}, {"model": "contenttypes.contenttype", "pk": 14, "fields": {"app_label": "games", "model": "gamereview"}}, {"model": "contenttypes.contenttype", "pk": 15, "fields": {"app_label": "friendships", "model": "friendship"}}, {"model": "contenttypes.contenttype", "pk": 16, "fields": {"app_label": "friendships", "model": "friendshiprequest"}}, {"model": "sessions.session", "pk": "107goggug0t5ws068px5q2t4ilzi4j2z", "fields": {"session_data": ".eJxVjEEOwiAQRe_C2pCBUqAu3XsGMjOAVA0kpV0Z765NutDtf-_9lwi4rSVsPS1hjuIslDj9boT8SHUH8Y711iS3ui4zyV2RB-3y2mJ6Xg7376BgL99ac4Zs0YJBpxmMA440gvGZWbkpg1cOQKdMUWuvrGJPQ8o4DHEaMZF4fwDgQjgX:1rrv7I:GHqc5DkczqUtS3jxknTIhO2QvaEeLDgF70Sb6ZfmbwU", "expire_date": "2024-04-17T07:33:04.782Z"}}, {"model": "sessions.session", "pk": "bhdp34kbrfabcjtfimshtppfc7w2b5q4", "fields": {"session_data": ".eJxVjEEOwiAQRe_C2pCBUqAu3XsGMjOAVA0kpV0Z765NutDtf-_9lwi4rSVsPS1hjuIslDj9boT8SHUH8Y711iS3ui4zyV2RB-3y2mJ6Xg7376BgL99ac4Zs0YJBpxmMA440gvGZWbkpg1cOQKdMUWuvrGJPQ8o4DHEaMZF4fwDgQjgX:1s4xZ5:RhKzmTBV8Qc5_uaY6qSIjNo8HBkd9fSZfUsgPwHkFUQ", "expire_date": "2024-05-23T06:47:39.971Z"}}, {"model": "sessions.session", "pk": "g0ge8o3u8tqxm3lli60vqxx8x6fzykxi", "fields": {"session_data": ".eJxVjEEOwiAQRe_C2pCBUqAu3XsGMjOAVA0kpV0Z765NutDtf-_9lwi4rSVsPS1hjuIslDj9boT8SHUH8Y711iS3ui4zyV2RB-3y2mJ6Xg7376BgL99ac4Zs0YJBpxmMA440gvGZWbkpg1cOQKdMUWuvrGJPQ8o4DHEaMZF4fwDgQjgX:1rSNPR:gqK4OJwIRSLQRgSstQ9tGf674oOV1H-RKd2al64GSDk", "expire_date": "2024-02-06T20:30:13.483Z"}}, {"model": "sessions.session", "pk": "gv21iopo18oohwnhu0j03m8eepvrw7c4", "fields": {"session_data": ".eJxVjEEOwiAQRe_C2pCBUqAu3XsGMjOAVA0kpV0Z765NutDtf-_9lwi4rSVsPS1hjuIslDj9boT8SHUH8Y711iS3ui4zyV2RB-3y2mJ6Xg7376BgL99ac4Zs0YJBpxmMA440gvGZWbkpg1cOQKdMUWuvrGJPQ8o4DHEaMZF4fwDgQjgX:1sGvKC:NNVFJ65HieE7AiAa95tR6wa7m2bm6NP4NwQ9U5QpMgg", "expire_date": "2024-06-25T06:49:44.332Z"}}, {"model": "sessions.session", "pk": "h1jdpiu7fff7sc7yn2f64entu5u1fp60", "fields": {"session_data": ".eJxVjEEOwiAQRe_C2pCBUqAu3XsGMjOAVA0kpV0Z765NutDtf-_9lwi4rSVsPS1hjuIslDj9boT8SHUH8Y711iS3ui4zyV2RB-3y2mJ6Xg7376BgL99ac4Zs0YJBpxmMA440gvGZWbkpg1cOQKdMUWuvrGJPQ8o4DHEaMZF4fwDgQjgX:1s5Nkj:SM8oQ0EruohYjs2pHj-ny_wCXkad4Adf-xFoxRxkODw", "expire_date": "2024-05-24T10:45:25.614Z"}}, {"model": "sessions.session", "pk": "vcye0ghepig633ws7sn9y71meu7edg90", "fields": {"session_data": ".eJxVjEEOwiAQRe_C2pCBUqAu3XsGMjOAVA0kpV0Z765NutDtf-_9lwi4rSVsPS1hjuIslDj9boT8SHUH8Y711iS3ui4zyV2RB-3y2mJ6Xg7376BgL99ac4Zs0YJBpxmMA440gvGZWbkpg1cOQKdMUWuvrGJPQ8o4DHEaMZF4fwDgQjgX:1rhaI9:CFqzfs-GMKm8_XlczZQCfv8zdyJZJUqN9o13yFtYMO0", "expire_date": "2024-03-19T19:17:33.710Z"}}, {"model": "users.user", "pk": 1, "fields": {"password": "pbkdf2_sha256$600000$6h2HxcJ9P8Uj9F30DiPJAw$iiZfbozpJEEjE9lWRAFWUyAvamp7iM4ZKQTip8ZjCJo=", "last_login": "2024-06-11T06:49:44.325Z", "is_superuser": true, "username": "admin", "is_staff": true, "is_active": true, "date_joined": "2024-01-23T16:59:48Z", "email": "admin@admin.com", "gender": "M", "avatar": "avatars/shinobu1.png", "groups": [], "user_permissions": []}}, {"model": "users.user", "pk": 2, "fields": {"password": "pbkdf2_sha256$600000$gfBvDSTythCe7lc2EudvaH$rrONyH9TlYgMN/Akz+IJ+qMszQOFad3vJ0kK2+s/jBg=", "last_login": null, "is_superuser": false, "username": "test", "is_staff": false, "is_active": true, "date_joined": "2024-01-23T19:49:59Z", "email": "zaq@test.com", "gender": "X", "avatar": "avatars/shinobu2.png", "groups": [], "user_permissions": []}}, {"model": "users.user", "pk": 3, "fields": {"password": "pbkdf2_sha256$600000$XDu9fg4phnaBQ6EvtSYTs7$HjkFkzYINB9cXyMlxD9vcpsbG8Ms/0oYOsULRnTskFg=", "last_login": null, "is_superuser": false, "username": "test2", "is_staff": false, "is_active": true, "date_joined": "2024-01-23T19:54:19Z", "email": "test111@test.com", "gender": "X", "avatar": "avatars/shinobu3.png", "groups": [], "user_permissions": []}}, {"model": "users.user", "pk": 4, "fields": {"password": "pbkdf2_sha256$600000$dCqutGRTZ8sf8BJS4mFF0u$p7ghcJer0s0spP7v4ntUJoZl65bx4NY181DvOoijyow=", "last_login": null, "is_superuser": false, "username": "test123", "is_staff": false, "is_active": true, "date_joined": "2024-03-05T19:21:06Z", "email": "zaq2@test.com", "gender": "X", "avatar": "avatars/shinobu1_tVOy61B.png", "groups": [], "user_permissions": []}}, {"model": "users.user", "pk": 5, "fields": {"password": "pbkdf2_sha256$600000$WSKrPksFZ0caW7lf1JeOb1$niubdZaGUC+FAk+NOy1i5m55U9fCuWQEM7IOqLgNsIs=", "last_login": null, "is_superuser": false, "username": "test32", "is_staff": false, "is_active": true, "date_joined": "2024-05-14T11:53:17.223Z", "email": "test4@test.com", "gender": "X", "avatar": "avatars/shinobu2_BCn7g8i.png", "groups": [], "user_permissions": []}}, {"model": "games.developer", "pk": 1, "fields": {"name": "FromSoftware", "developer_logo": "developer_logos/From_Software.png"}}, {"model": "games.developer", "pk": 2, "fields": {"name": "Capcom", "developer_logo": "developer_logos/Capcom.png"}}, {"model": "games.developer", "pk": 3, "fields": {"name": "Gearbox Software", "developer_logo": "developer_logos/Gearbox_Software.png"}}, {"model": "games.developer", "pk": 4, "fields": {"name": "CD Projekt Red", "developer_logo": "developer_logos/cd_projekt_red.jpg"}}, {"model": "games.developer", "pk": 5, "fields": {"name": "Shift Up", "developer_logo": "developer_logos/shiftup_corporation_logo.jpg"}}, {"model": "games.developer", "pk": 6, "fields": {"name": "Supergiant Games", "developer_logo": "developer_logos/supergiant_games.png"}}, {"model": "games.developer", "pk": 7, "fields": {"name": "Ubisoft Singapore", "developer_logo": "developer_logos/Ubisoft_Singapore_logo.png"}}, {"model": "games.developer", "pk": 8, "fields": {"name": "Moon Studios", "developer_logo": "developer_logos/MoonStudiosLogo.png"}}, {"model": "games.developer", "pk": 9, "fields": {"name": "Slavic Magic", "developer_logo": ""}}, {"model": "games.developer", "pk": 10, "fields": {"name": "ILCA", "developer_logo": "developer_logos/ilca_logo.jpg"}}, {"model": "games.developer", "pk": 11, "fields": {"name": "Fool's Theory", "developer_logo": "developer_logos/fools_theory_logo.jpg"}}, {"model": "games.developer", "pk": 12, "fields": {"name": "Spiders", "developer_logo": "developer_logos/SpidersLogo.png"}}, {"model": "games.developer", "pk": 13, "fields": {"name": "Square Enix Business Division 11", "developer_logo": "developer_logos/Square_Enix_logo.png"}}, {"model": "games.developer", "pk": 14, "fields": {"name": "Dead Mage", "developer_logo": "developer_logos/dead_mage_logo.jpg"}}, {"model": "games.developer", "pk": 15, "fields": {"name": "Don't Nod", "developer_logo": "developer_logos/Dont_Nod_Logo_2022.png"}}, {"model": "games.developer", "pk": 16, "fields": {"name": "Inflexion Games", "developer_logo": "developer_logos/inflexion_games.png"}}, {"model": "games.developer", "pk": 17, "fields": {"name": "Larian Studios", "developer_logo": "developer_logos/Larian_Studios_Logo_2012.png"}}, {"model": "games.developer", "pk": 18, "fields": {"name": "Santa Monica Studio", "developer_logo": "developer_logos/Santa_Monica_Studio.png"}}, {"model": "games.developer", "pk": 19, "fields": {"name": "Square Enix", "developer_logo": "developer_logos/Square_Enix_logo_nWYe0Vz.png"}}, {"model": "games.developer", "pk": 20, "fields": {"name": "Rockstar Games", "developer_logo": "developer_logos/rockstar_games.png"}}, {"model": "games.developer", "pk": 21, "fields": {"name": "Team Cherry", "developer_logo": "developer_logos/Team_cherry_Logo_Red.png"}}, {"model": "games.developer", "pk": 22, "fields": {"name": "Valve", "developer_logo": "developer_logos/Valve_logo.png"}}, {"model": "games.developer", "pk": 23, "fields": {"name": "Hazelight Studios", "developer_logo": "developer_logos/Hazelight_Logotype.png"}}, {"model": "games.developer", "pk": 24, "fields": {"name": "Guerrilla Games", "developer_logo": "developer_logos/Guerrilla_logo.png"}}, {"model": "games.developer", "pk": 25, "fields": {"name": "ConcernedApe", "developer_logo": ""}}, {"model": "games.developer", "pk": 26, "fields": {"name": "Insomniac Games", "developer_logo": "developer_logos/Insomniac_Games_logo.png"}}, {"model": "games.developer", "pk": 27, "fields": {"name": "Sucker Punch Productions", "developer_logo": "developer_logos/Sucker_Punch.png"}}, {"model": "games.genre", "pk": 1, "fields": {"name": "Soulslike"}}, {"model": "games.genre", "pk": 2, "fields": {"name": "RPG"}}, {"model": "games.genre", "pk": 3, "fields": {"name": "Action"}}, {"model": "games.genre", "pk": 4, "fields": {"name": "Open world"}}, {"model": "games.genre", "pk": 5, "fields": {"name": "Fantasy"}}, {"model": "games.genre", "pk": 6, "fields": {"name": "Single player"}}, {"model": "games.genre", "pk": 7, "fields": {"name": "Third person"}}, {"model": "games.genre", "pk": 8, "fields": {"name": "FPS"}}, {"model": "games.genre", "pk": 9, "fields": {"name": "First Person"}}, {"model": "games.genre", "pk": 10, "fields": {"name": "Roguelike"}}, {"model": "games.genre", "pk": 11, "fields": {"name": "RTS"}}, {"model": "games.genre", "pk": 12, "fields": {"name": "City builder"}}, {"model": "games.genre", "pk": 13, "fields": {"name": "Survival"}}, {"model": "games.genre", "pk": 14, "fields": {"name": "Hack and Slash"}}, {"model": "games.genre", "pk": 15, "fields": {"name": "Metroidvania"}}, {"model": "games.genre", "pk": 16, "fields": {"name": "Puzzle"}}, {"model": "games.genre", "pk": 17, "fields": {"name": "Platform"}}, {"model": "games.genre", "pk": 18, "fields": {"name": "Adventure"}}, {"model": "games.genre", "pk": 19, "fields": {"name": "Farm life"}}, {"model": "games.platform", "pk": 1, "fields": {"name": "PC"}}, {"model": "games.platform", "pk": 2, "fields": {"name": "XBOX 360"}}, {"model": "games.platform", "pk": 3, "fields": {"name": "Playstation 3"}}, {"model": "games.platform", "pk": 4, "fields": {"name": "PlayStation 5"}}, {"model": "games.platform", "pk": 5, "fields": {"name": "Xbox Series X"}}, {"model": "games.platform", "pk": 6, "fields": {"name": "Xbox One"}}, {"model": "games.platform", "pk": 7, "fields": {"name": "PlayStation 4"}}, {"model": "games.platform", "pk": 8, "fields": {"name": "Nintendo Switch"}}, {"model": "games.platform", "pk": 9, "fields": {"name": "SNES"}}, {"model": "games.platform", "pk": 10, "fields": {"name": "PlayStation"}}, {"model": "games.platform", "pk": 11, "fields": {"name": "Nintendo DS"}}, {"model": "games.publisher", "pk": 1, "fields": {"name": "Bandai Namco Entertainment", "publisher_logo": "publisher_logos/Bandai_Namco_logo_2022.png"}}, {"model": "games.publisher", "pk": 2, "fields": {"name": "Capcom", "publisher_logo": "publisher_logos/Capcom.png"}}, {"model": "games.publisher", "pk": 3, "fields": {"name": "2K", "publisher_logo": "publisher_logos/2K_2021_Logo.png"}}, {"model": "games.publisher", "pk": 4, "fields": {"name": "Microsoft Game Studios", "publisher_logo": "publisher_logos/Microsoft_Game_Studios.png"}}, {"model": "games.publisher", "pk": 5, "fields": {"name": "CD Projekt", "publisher_logo": "publisher_logos/CD_Projekt_logo.png"}}, {"model": "games.publisher", "pk": 6, "fields": {"name": "Sony Interactive Entertainment", "publisher_logo": "publisher_logos/sony_interactive_entertainment.png"}}, {"model": "games.publisher", "pk": 7, "fields": {"name": "Supergiant Games", "publisher_logo": "publisher_logos/supergiant_games.png"}}, {"model": "games.publisher", "pk": 8, "fields": {"name": "Ubisoft", "publisher_logo": "publisher_logos/Ubisoft_logo.png"}}, {"model": "games.publisher", "pk": 9, "fields": {"name": "Private Division", "publisher_logo": "publisher_logos/Private_Division_Logo.png"}}, {"model": "games.publisher", "pk": 10, "fields": {"name": "Hooded Horse", "publisher_logo": "publisher_logos/HoodedHorse.png"}}, {"model": "games.publisher", "pk": 11, "fields": {"name": "11 Bit Studios", "publisher_logo": "publisher_logos/11_Bit_Studios.png"}}, {"model": "games.publisher", "pk": 12, "fields": {"name": "Focus Home Interactive", "publisher_logo": "publisher_logos/Focus_Home_Interactive_Logo.png"}}, {"model": "games.publisher", "pk": 13, "fields": {"name": "Square Enix", "publisher_logo": "publisher_logos/Square_Enix_logo.png"}}, {"model": "games.publisher", "pk": 14, "fields": {"name": "Focus Entertainment", "publisher_logo": "publisher_logos/Focus_Entertainment_logo.png"}}, {"model": "games.publisher", "pk": 15, "fields": {"name": "Inflexion Games", "publisher_logo": "publisher_logos/inflexion_games.png"}}, {"model": "games.publisher", "pk": 16, "fields": {"name": "Larian Studios", "publisher_logo": "publisher_logos/Larian_Studios_Logo_2012.png"}}, {"model": "games.publisher", "pk": 17, "fields": {"name": "Square", "publisher_logo": "publisher_logos/Square_Enix_logo_prNpzq8.png"}}, {"model": "games.publisher", "pk": 18, "fields": {"name": "Rockstar Games", "publisher_logo": "publisher_logos/rockstar_games.png"}}, {"model": "games.publisher", "pk": 19, "fields": {"name": "Team Cherry", "publisher_logo": "publisher_logos/Team_cherry_Logo_Red.png"}}, {"model": "games.publisher", "pk": 20, "fields": {"name": "Valve", "publisher_logo": "publisher_logos/Valve_logo.png"}}, {"model": "games.publisher", "pk": 21, "fields": {"name": "Electronic Arts", "publisher_logo": "publisher_logos/Electronic-Arts-Logo.png"}}, {"model": "games.publisher", "pk": 22, "fields": {"name": "ConcernedApe", "publisher_logo": ""}}, {"model": "games.game", "pk": 1, "fields": {"title": "Dark Souls Prepare to die edition", "created_at": "2024-01-23T20:36:08.732Z", "last_modified_at": "2024-05-09T08:20:05.951Z", "release_date": "2011-09-22", "cover_image": "cover_images/dark_souls_prepare_to_die.jpg", "description": "The first dark souls!", "publisher": 1, "developer": 1, "genres": [1, 2, 3], "platforms": [1, 2, 3]}}, {"model": "games.game", "pk": 2, "fields": {"title": "Ninja Blade", "created_at": "2024-04-03T13:40:09.414Z", "last_modified_at": "2024-05-10T09:30:03.548Z", "release_date": "2009-11-19", "cover_image": "cover_images/Ninja_Blade.jpg", "description": "A game about a ninja with QTE.", "publisher": 4, "developer": 1, "genres": [3], "platforms": [1, 2]}}, {"model": "games.game", "pk": 3, "fields": {"title": "Elden Ring", "created_at": "2024-04-03T14:06:03.555Z", "last_modified_at": "2024-05-10T09:31:58.940Z", "release_date": "2022-02-25", "cover_image": "cover_images/Elden_Ring_Box_art.jpg", "description": "OOOO ELDEN RING !", "publisher": 1, "developer": 1, "genres": [1, 2, 3, 4, 5, 7], "platforms": [1, 4, 5, 6, 7]}}, {"model": "games.game", "pk": 4, "fields": {"title": "Dragon's Dogma 2", "created_at": "2024-05-10T09:14:08.070Z", "last_modified_at": "2024-05-10T09:14:08.070Z", "release_date": "2024-03-22", "cover_image": "cover_images/Dragons_Dogma_2_cover_art.jpg", "description": "You are the Arisen. You can have up to 3 pawns, the NPC that will help you in fighting.", "publisher": 2, "developer": 2, "genres": [2, 3, 4, 5, 6, 7], "platforms": [1, 4, 5]}}, {"model": "games.game", "pk": 5, "fields": {"title": "Borderlands 2", "created_at": "2024-05-10T09:26:35.615Z", "last_modified_at": "2024-05-10T09:26:35.615Z", "release_date": "2012-09-18", "cover_image": "cover_images/Borderlands_2_cover_art.png", "description": "PSYCHOOOOO!", "publisher": 3, "developer": 3, "genres": [3, 8, 9], "platforms": [1, 2, 3, 6, 7, 8]}}, {"model": "games.game", "pk": 6, "fields": {"title": "Cyberpunk 2077", "created_at": "2024-05-10T09:35:47.460Z", "last_modified_at": "2024-05-10T09:35:47.460Z", "release_date": "2020-12-10", "cover_image": "cover_images/Cyberpunk_2077_box_art.jpg", "description": "Cyberpunk", "publisher": 5, "developer": 4, "genres": [3, 4, 6, 8, 9], "platforms": [1, 4, 5, 6, 7]}}, {"model": "games.game", "pk": 7, "fields": {"title": "The Witcher 3: Wild Hunt", "created_at": "2024-05-10T09:38:21.854Z", "last_modified_at": "2024-05-10T09:38:21.854Z", "release_date": "2015-05-19", "cover_image": "cover_images/Witcher_3_cover_art.jpg", "description": "The Witcher", "publisher": 5, "developer": 4, "genres": [2, 3, 4, 5, 7], "platforms": [1, 4, 5, 6, 7, 8]}}, {"model": "games.game", "pk": 8, "fields": {"title": "Stellar Blade", "created_at": "2024-05-10T09:41:09.444Z", "last_modified_at": "2024-05-10T09:41:09.444Z", "release_date": "2024-04-26", "cover_image": "cover_images/Stellar_Blade_Pre_Order_Box.png", "description": "Girl with a blade.", "publisher": 6, "developer": 5, "genres": [1, 2, 3], "platforms": [4]}}, {"model": "games.game", "pk": 9, "fields": {"title": "Hades", "created_at": "2024-05-10T09:44:44.215Z", "last_modified_at": "2024-05-10T09:44:44.215Z", "release_date": "2020-09-17", "cover_image": "cover_images/Hades_cover_art.jpg", "description": "Hades", "publisher": 7, "developer": 6, "genres": [2, 3, 10], "platforms": [1, 4, 5, 6, 7, 8]}}, {"model": "games.game", "pk": 10, "fields": {"title": "Skull and Bones", "created_at": "2024-05-10T09:46:49.329Z", "last_modified_at": "2024-05-10T09:46:49.329Z", "release_date": "2024-02-16", "cover_image": "cover_images/Skull__Bones_video_game.jpg", "description": "Skull and Bones", "publisher": 8, "developer": 7, "genres": [3], "platforms": [1, 4, 5]}}, {"model": "games.game", "pk": 11, "fields": {"title": "No Rest for the Wicked", "created_at": "2024-05-10T09:48:22.721Z", "last_modified_at": "2024-05-10T09:48:22.721Z", "release_date": "2024-04-18", "cover_image": "cover_images/No_Rest_for_the_Wicked_cover_art.jpg", "description": "No Rest for the Wicked", "publisher": 9, "developer": 8, "genres": [1, 2, 3, 6], "platforms": [1, 4, 5]}}, {"model": "games.game", "pk": 12, "fields": {"title": "Manor Lords", "created_at": "2024-05-10T09:50:51.497Z", "last_modified_at": "2024-05-10T09:50:51.497Z", "release_date": "2024-04-26", "cover_image": "cover_images/Manor_Lords_box_art.jpg", "description": "Manor Lords", "publisher": 10, "developer": 9, "genres": [11, 12], "platforms": [1, 5, 6]}}, {"model": "games.game", "pk": 13, "fields": {"title": "Sand Land", "created_at": "2024-05-10T09:52:20.622Z", "last_modified_at": "2024-05-10T09:52:20.622Z", "release_date": "2024-04-26", "cover_image": "cover_images/Sand_Land_cover_art.jpg", "description": "Sand Land", "publisher": 1, "developer": 10, "genres": [2, 3], "platforms": [1, 4, 5, 7]}}, {"model": "games.game", "pk": 14, "fields": {"title": "The Thaumaturge", "created_at": "2024-05-10T09:53:28.431Z", "last_modified_at": "2024-05-10T09:53:28.431Z", "release_date": "2024-03-04", "cover_image": "cover_images/THE_THAUMATURGE_Cover_Art.jpg", "description": "The Thaumaturge", "publisher": 11, "developer": 11, "genres": [2, 6], "platforms": [1]}}, {"model": "games.game", "pk": 15, "fields": {"title": "GreedFall", "created_at": "2024-05-10T09:57:11.169Z", "last_modified_at": "2024-05-10T09:57:11.169Z", "release_date": "2019-09-10", "cover_image": "cover_images/Greedfall_cover_art.jpg", "description": "GreedFall", "publisher": 12, "developer": 12, "genres": [2, 3, 6], "platforms": [1, 4, 5, 6, 7]}}, {"model": "games.game", "pk": 16, "fields": {"title": "Octopath Traveler", "created_at": "2024-05-10T09:58:50.937Z", "last_modified_at": "2024-05-10T09:58:50.937Z", "release_date": "2018-07-13", "cover_image": "cover_images/Octopath_Traveler.jpg", "description": "Octopath Traveler", "publisher": 13, "developer": 13, "genres": [2], "platforms": [1, 6, 8]}}, {"model": "games.game", "pk": 17, "fields": {"title": "Children of Morta", "created_at": "2024-05-10T10:00:22.962Z", "last_modified_at": "2024-05-10T10:00:22.962Z", "release_date": "2019-09-03", "cover_image": "cover_images/Children_of_Morta.jpg", "description": "Children of Morta", "publisher": 11, "developer": 14, "genres": [2, 3], "platforms": [1, 6, 7, 8]}}, {"model": "games.game", "pk": 18, "fields": {"title": "Banishers: Ghosts of New Eden", "created_at": "2024-05-10T10:01:24.776Z", "last_modified_at": "2024-05-10T10:01:24.776Z", "release_date": "2024-02-13", "cover_image": "cover_images/Banishers_Ghosts_of_New_Eden_cover_art.jpg", "description": "Banishers: Ghosts of New Eden", "publisher": 14, "developer": 15, "genres": [2, 3, 6], "platforms": [1, 4, 5]}}, {"model": "games.game", "pk": 19, "fields": {"title": "Nightingale", "created_at": "2024-05-10T10:02:34.621Z", "last_modified_at": "2024-05-10T10:02:34.621Z", "release_date": "2024-02-20", "cover_image": "cover_images/Nightingale_video_game_cover.jpg", "description": "Nightingale", "publisher": 15, "developer": 16, "genres": [6, 13], "platforms": [1]}}, {"model": "games.game", "pk": 20, "fields": {"title": "Baldur's Gate 3", "created_at": "2024-05-10T10:13:48.551Z", "last_modified_at": "2024-05-10T10:13:48.551Z", "release_date": "2023-08-03", "cover_image": "cover_images/Baldurs_Gate_3_cover_art.jpg", "description": "Baldur's Gate 3", "publisher": 16, "developer": 17, "genres": [2], "platforms": [1, 4, 5]}}, {"model": "games.game", "pk": 21, "fields": {"title": "God of War Ragnarök", "created_at": "2024-05-10T10:15:12.482Z", "last_modified_at": "2024-05-10T10:15:12.482Z", "release_date": "2022-11-09", "cover_image": "cover_images/God_of_War_Ragnarök_cover.jpg", "description": "God of War Ragnarök", "publisher": 6, "developer": 18, "genres": [2, 14], "platforms": [4, 7]}}, {"model": "games.game", "pk": 22, "fields": {"title": "Chrono Trigger", "created_at": "2024-05-10T10:18:06.501Z", "last_modified_at": "2024-06-11T08:34:57.876Z", "release_date": "1995-03-11", "cover_image": "cover_images/Chrono_Trigger.jpg", "description": "Chrono Trigger", "publisher": 13, "developer": 19, "genres": [2, 6], "platforms": [1, 9, 10, 11]}}, {"model": "games.game", "pk": 23, "fields": {"title": "Red Dead Redemption 2", "created_at": "2024-05-10T10:19:25.326Z", "last_modified_at": "2024-05-10T10:19:25.326Z", "release_date": "2018-10-26", "cover_image": "cover_images/Red_Dead_Redemption_II.jpg", "description": "Red Dead Redemption 2", "publisher": 18, "developer": 20, "genres": [2], "platforms": [1, 6, 7]}}, {"model": "games.game", "pk": 24, "fields": {"title": "Hollow Knight", "created_at": "2024-05-10T10:21:08.152Z", "last_modified_at": "2024-05-10T10:21:08.152Z", "release_date": "2017-02-24", "cover_image": "cover_images/Hollow_Knight_first_cover_art.webp", "description": "Hollow Knight", "publisher": 19, "developer": 21, "genres": [15], "platforms": [1, 6, 7, 8]}}, {"model": "games.game", "pk": 25, "fields": {"title": "Portal 2", "created_at": "2024-05-10T10:22:49.499Z", "last_modified_at": "2024-05-10T10:22:49.499Z", "release_date": "2011-04-18", "cover_image": "cover_images/Portal2cover.jpg", "description": "Portal 2", "publisher": 20, "developer": 22, "genres": [6, 16, 17], "platforms": [1, 2, 3, 8]}}, {"model": "games.game", "pk": 26, "fields": {"title": "It Takes Two", "created_at": "2024-05-10T10:25:31.120Z", "last_modified_at": "2024-05-10T10:25:31.120Z", "release_date": "2021-03-26", "cover_image": "cover_images/It_Takes_Two_cover_art.png", "description": "It Takes Two", "publisher": 21, "developer": 23, "genres": [3, 17, 18], "platforms": [1, 4, 5, 6, 7, 8]}}, {"model": "games.game", "pk": 27, "fields": {"title": "Horizon Zero Dawn", "created_at": "2024-05-10T10:26:42.513Z", "last_modified_at": "2024-05-10T10:26:42.513Z", "release_date": "2017-02-28", "cover_image": "cover_images/Horizon_Zero_Dawn.jpg", "description": "Horizon Zero Dawn", "publisher": 6, "developer": 24, "genres": [2, 3], "platforms": [1, 7]}}, {"model": "games.game", "pk": 28, "fields": {"title": "Stardew Valley", "created_at": "2024-05-10T10:28:12.552Z", "last_modified_at": "2024-05-10T10:28:12.552Z", "release_date": "2016-02-26", "cover_image": "cover_images/Logo_of_Stardew_Valley.png", "description": "Stardew Valley", "publisher": 22, "developer": 25, "genres": [2, 19], "platforms": [1]}}, {"model": "games.game", "pk": 29, "fields": {"title": "Marvel's Spider-Man", "created_at": "2024-05-10T10:29:31.120Z", "last_modified_at": "2024-05-10T10:29:31.120Z", "release_date": "2018-09-07", "cover_image": "cover_images/Spider-Man_PS4_cover.jpg", "description": "Marvel's Spider-Man", "publisher": 6, "developer": 26, "genres": [3, 18], "platforms": [1, 4, 7]}}, {"model": "games.game", "pk": 30, "fields": {"title": "Ghost of Tsushima", "created_at": "2024-05-10T10:31:00.128Z", "last_modified_at": "2024-05-10T10:31:00.128Z", "release_date": "2020-07-17", "cover_image": "cover_images/Ghost_of_Tsushima.jpg", "description": "Ghost of Tsushima", "publisher": 6, "developer": 27, "genres": [3, 18], "platforms": [4, 7]}}, {"model": "games.gamelist", "pk": 1, "fields": {"score": 10, "status": "C", "created_at": "2024-04-03T13:39:25.328Z", "last_modified_at": "2024-04-03T14:00:37.573Z", "game": 1, "user": 1}}, {"model": "games.gamelist", "pk": 2, "fields": {"score": 4, "status": "PTP", "created_at": "2024-04-03T13:40:21.199Z", "last_modified_at": "2024-04-03T14:00:45.908Z", "game": 2, "user": 1}}, {"model": "games.gamelist", "pk": 3, "fields": {"score": 6, "status": "D", "created_at": "2024-04-03T13:40:31.780Z", "last_modified_at": "2024-05-09T11:38:40.024Z", "game": 1, "user": 2}}, {"model": "games.gamelist", "pk": 4, "fields": {"score": 2, "status": "PTP", "created_at": "2024-04-03T14:08:16.924Z", "last_modified_at": "2024-04-03T14:13:51.168Z", "game": 3, "user": 1}}, {"model": "games.gamelist", "pk": 7, "fields": {"score": 1, "status": "C", "created_at": "2024-04-03T20:13:41.215Z", "last_modified_at": "2024-04-03T20:13:41.215Z", "game": 1, "user": 3}}, {"model": "games.gamelist", "pk": 35, "fields": {"score": null, "status": "PTP", "created_at": "2024-05-14T13:55:47.251Z", "last_modified_at": "2024-05-14T13:55:47.251Z", "game": 16, "user": 4}}, {"model": "games.gamelist", "pk": 36, "fields": {"score": 10, "status": "C", "created_at": "2024-05-14T13:56:10.747Z", "last_modified_at": "2024-05-14T13:56:10.747Z", "game": 3, "user": 4}}, {"model": "games.gamelist", "pk": 38, "fields": {"score": null, "status": "D", "created_at": "2024-05-15T13:29:43.380Z", "last_modified_at": "2024-05-15T13:29:43.380Z", "game": 2, "user": 4}}, {"model": "games.gamelist", "pk": 39, "fields": {"score": null, "status": "PTP", "created_at": "2024-05-15T13:29:50.378Z", "last_modified_at": "2024-05-15T13:29:50.378Z", "game": 13, "user": 4}}, {"model": "games.gamelist", "pk": 40, "fields": {"score": null, "status": "C", "created_at": "2024-05-15T13:29:55.715Z", "last_modified_at": "2024-05-15T13:29:55.715Z", "game": 9, "user": 4}}, {"model": "games.gamelist", "pk": 41, "fields": {"score": null, "status": "PTP", "created_at": "2024-05-15T13:29:59.625Z", "last_modified_at": "2024-05-15T13:29:59.625Z", "game": 15, "user": 4}}, {"model": "games.gamelist", "pk": 42, "fields": {"score": null, "status": "OH", "created_at": "2024-05-15T13:30:05.086Z", "last_modified_at": "2024-05-15T13:30:05.086Z", "game": 12, "user": 4}}, {"model": "games.gamelist", "pk": 43, "fields": {"score": null, "status": "PTP", "created_at": "2024-05-15T13:30:24.106Z", "last_modified_at": "2024-05-15T13:30:24.106Z", "game": 30, "user": 4}}, {"model": "games.gamelist", "pk": 44, "fields": {"score": null, "status": "C", "created_at": "2024-05-15T13:30:30.503Z", "last_modified_at": "2024-05-15T13:30:30.503Z", "game": 29, "user": 4}}, {"model": "games.gamelist", "pk": 45, "fields": {"score": null, "status": "C", "created_at": "2024-05-15T13:30:34.467Z", "last_modified_at": "2024-05-15T13:30:34.467Z", "game": 28, "user": 4}}, {"model": "games.gamelist", "pk": 46, "fields": {"score": null, "status": "D", "created_at": "2024-05-15T13:30:38.043Z", "last_modified_at": "2024-05-15T13:30:38.043Z", "game": 27, "user": 4}}, {"model": "games.gamelist", "pk": 47, "fields": {"score": null, "status": "P", "created_at": "2024-05-15T13:30:41.918Z", "last_modified_at": "2024-05-15T13:30:41.918Z", "game": 26, "user": 4}}, {"model": "games.gamelist", "pk": 48, "fields": {"score": null, "status": "PTP", "created_at": "2024-05-15T13:30:45.415Z", "last_modified_at": "2024-05-15T13:30:45.415Z", "game": 25, "user": 4}}, {"model": "games.gamelist", "pk": 49, "fields": {"score": null, "status": "OH", "created_at": "2024-05-15T13:30:51.173Z", "last_modified_at": "2024-05-15T13:30:51.173Z", "game": 24, "user": 4}}, {"model": "games.gamelist", "pk": 50, "fields": {"score": null, "status": "OH", "created_at": "2024-05-15T13:31:31.714Z", "last_modified_at": "2024-05-15T13:31:31.714Z", "game": 4, "user": 4}}, {"model": "games.gamelist", "pk": 51, "fields": {"score": null, "status": "D", "created_at": "2024-05-15T13:31:43.323Z", "last_modified_at": "2024-05-15T13:31:43.323Z", "game": 5, "user": 4}}, {"model": "games.gamelist", "pk": 52, "fields": {"score": null, "status": "C", "created_at": "2024-05-15T13:31:53.527Z", "last_modified_at": "2024-05-15T13:31:53.527Z", "game": 7, "user": 4}}, {"model": "games.gamelist", "pk": 53, "fields": {"score": null, "status": "C", "created_at": "2024-05-15T13:32:03.210Z", "last_modified_at": "2024-05-15T13:32:03.210Z", "game": 8, "user": 4}}, {"model": "games.gamelist", "pk": 54, "fields": {"score": null, "status": "PTP", "created_at": "2024-05-15T13:32:17.308Z", "last_modified_at": "2024-05-15T13:32:17.308Z", "game": 10, "user": 4}}, {"model": "games.gamelist", "pk": 55, "fields": {"score": null, "status": "PTP", "created_at": "2024-05-15T13:32:45.356Z", "last_modified_at": "2024-05-15T13:32:45.356Z", "game": 11, "user": 4}}, {"model": "games.gamelist", "pk": 56, "fields": {"score": null, "status": "PTP", "created_at": "2024-05-15T13:32:59.542Z", "last_modified_at": "2024-05-15T13:32:59.542Z", "game": 14, "user": 4}}, {"model": "games.gamelist", "pk": 57, "fields": {"score": null, "status": "C", "created_at": "2024-05-15T13:33:12.909Z", "last_modified_at": "2024-05-15T13:33:12.909Z", "game": 17, "user": 4}}, {"model": "games.gamelist", "pk": 58, "fields": {"score": null, "status": "D", "created_at": "2024-05-15T13:33:25.875Z", "last_modified_at": "2024-05-15T13:33:25.875Z", "game": 18, "user": 4}}, {"model": "games.gamelist", "pk": 59, "fields": {"score": null, "status": "P", "created_at": "2024-05-15T13:34:26.875Z", "last_modified_at": "2024-05-15T13:34:26.875Z", "game": 19, "user": 4}}, {"model": "games.gamelist", "pk": 60, "fields": {"score": null, "status": "PTP", "created_at": "2024-05-15T13:34:37.646Z", "last_modified_at": "2024-05-15T13:34:37.646Z", "game": 20, "user": 4}}, {"model": "games.gamelist", "pk": 61, "fields": {"score": null, "status": "PTP", "created_at": "2024-05-15T13:34:47.737Z", "last_modified_at": "2024-05-15T13:34:47.737Z", "game": 21, "user": 4}}, {"model": "games.gamelist", "pk": 62, "fields": {"score": null, "status": "D", "created_at": "2024-05-15T13:34:59.350Z", "last_modified_at": "2024-05-15T13:34:59.350Z", "game": 22, "user": 4}}, {"model": "games.gamelist", "pk": 63, "fields": {"score": null, "status": "C", "created_at": "2024-05-15T13:35:10.654Z", "last_modified_at": "2024-05-15T13:35:10.654Z", "game": 23, "user": 4}}, {"model": "games.gamelist", "pk": 64, "fields": {"score": null, "status": "C", "created_at": "2024-05-15T20:29:33.060Z", "last_modified_at": "2024-05-15T20:29:33.060Z", "game": 1, "user": 4}}, {"model": "games.gamelist", "pk": 65, "fields": {"score": 8, "status": "C", "created_at": "2024-05-15T20:46:21.716Z", "last_modified_at": "2024-05-15T20:46:21.716Z", "game": 6, "user": 4}}, {"model": "games.gamereview", "pk": 1, "fields": {"created_at": "2024-03-06T07:18:23.297Z", "review": "Best game ever!", "game": 1, "user": 2}}, {"model": "games.gamereview", "pk": 2, "fields": {"created_at": "2024-03-06T07:25:22.119Z", "review": "MEh", "game": 1, "user": 3}}, {"model": "games.gamereview", "pk": 3, "fields": {"created_at": "2024-03-06T07:49:08.146Z", "review": "This is an amazing game!", "game": 1, "user": 1}}, {"model": "friendships.friendship", "pk": 1, "fields": {"created_at": "2024-04-03T14:28:27.458Z", "user": 1, "friend": 2}}, {"model": "friendships.friendship", "pk": 2, "fields": {"created_at": "2024-04-03T14:28:37.508Z", "user": 1, "friend": 3}}, {"model": "friendships.friendship", "pk": 3, "fields": {"created_at": "2024-04-03T14:28:43.899Z", "user": 1, "friend": 4}}]
